-- phpMyAdmin SQL Dump
-- version 4.2.11
-- http://www.phpmyadmin.net
--
-- Host: 127.0.0.1
-- Generation Time: May 30, 2016 at 10:55 PM
-- Server version: 5.6.21
-- PHP Version: 5.5.19

SET SQL_MODE = "NO_AUTO_VALUE_ON_ZERO";
SET time_zone = "+00:00";


/*!40101 SET @OLD_CHARACTER_SET_CLIENT=@@CHARACTER_SET_CLIENT */;
/*!40101 SET @OLD_CHARACTER_SET_RESULTS=@@CHARACTER_SET_RESULTS */;
/*!40101 SET @OLD_COLLATION_CONNECTION=@@COLLATION_CONNECTION */;
/*!40101 SET NAMES utf8 */;

--
-- Database: `sira`
--

-- --------------------------------------------------------

--
-- Table structure for table `ahdas`
--

CREATE TABLE IF NOT EXISTS `ahdas` (
`id` int(11) NOT NULL,
  `year` varchar(255) COLLATE utf8_bin NOT NULL,
  `text` varchar(255) COLLATE utf8_bin NOT NULL
) ENGINE=InnoDB AUTO_INCREMENT=7 DEFAULT CHARSET=utf8 COLLATE=utf8_bin;

--
-- Dumping data for table `ahdas`
--

INSERT INTO `ahdas` (`id`, `year`, `text`) VALUES
(1, 'asacssa', 'sascsaacs'),
(3, '111', '1111'),
(4, '222', '222'),
(5, '333', '33'),
(6, '444', '444');

-- --------------------------------------------------------

--
-- Table structure for table `category`
--

CREATE TABLE IF NOT EXISTS `category` (
`id` int(11) NOT NULL,
  `name` varchar(100) CHARACTER SET utf8 NOT NULL
) ENGINE=InnoDB AUTO_INCREMENT=5 DEFAULT CHARSET=utf8 COLLATE=utf8_bin;

--
-- Dumping data for table `category`
--

INSERT INTO `category` (`id`, `name`) VALUES
(1, 'الفصل الأول : الولادة والنشأة وبدء الوحي'),
(2, 'الفصل الثاني : الدعوة في مكة )العهد المكي('),
(3, 'الفصل الثالث : الدعوة في المدينة )العهد المدني('),
(4, 'الفصل الرابع : صفة النبي صلى الله عليه وسلم');

-- --------------------------------------------------------

--
-- Table structure for table `info`
--

CREATE TABLE IF NOT EXISTS `info` (
`ID` int(11) NOT NULL,
  `Company Name` varchar(50) CHARACTER SET utf8 DEFAULT NULL,
  `Version` varchar(50) CHARACTER SET utf8 DEFAULT NULL,
  `Date` datetime DEFAULT NULL,
  `License` varchar(50) CHARACTER SET utf8 DEFAULT NULL
) ENGINE=MyISAM AUTO_INCREMENT=2 DEFAULT CHARSET=utf8 COLLATE=utf8_bin;

--
-- Dumping data for table `info`
--

INSERT INTO `info` (`ID`, `Company Name`, `Version`, `Date`, `License`) VALUES
(1, 'Sira', '1.0', '2015-03-22 00:00:00', 'web');

-- --------------------------------------------------------

--
-- Table structure for table `page`
--

CREATE TABLE IF NOT EXISTS `page` (
`page_id` int(11) NOT NULL,
  `page_name` varchar(255) NOT NULL,
  `page_note` text,
  `page_img1` varchar(255) NOT NULL DEFAULT '',
  `label_img1` varchar(255) DEFAULT NULL,
  `page_img2` varchar(255) NOT NULL DEFAULT '',
  `label_img2` varchar(255) DEFAULT NULL,
  `page_pdf` text,
  `sub_cat` int(11) NOT NULL,
  `color` varchar(255) DEFAULT '#FFF'
) ENGINE=InnoDB AUTO_INCREMENT=51 DEFAULT CHARSET=utf8;

--
-- Dumping data for table `page`
--

INSERT INTO `page` (`page_id`, `page_name`, `page_note`, `page_img1`, `label_img1`, `page_img2`, `label_img2`, `page_pdf`, `sub_cat`, `color`) VALUES
(1, 'الولادة والأسرة العريقة', '<p dir="rtl"><span style="color:#B22222"><strong>لا خلاف أنه صلى الله عليه وسلم من سلالة إسماعيل عليه السلام، وقد نشأ من أبوين كريمين يلتقيان في النسب بالجدّ السابع &laquo;كعب&raquo;.</strong></span></p>\r\n\r\n<p dir="rtl"><span style="color:#B22222"><strong>الاثنين 12 ربيع الأول / 2 نيسان (أبريل) 570م</strong></span><br />\r\n&nbsp;</p>\r\n\r\n<p dir="rtl"><span style="color:#006400"><strong>أبوه</strong></span></p>\r\n\r\n<p dir="rtl"><span style="color:#006400">عبد الله بن عبد المطلب بن هاشم بن عبد مناف بن قصي بن كلاب بن مرة بن كعب.<br />\r\nوقد توفي أبوه عبد الله في يثرب (المدينة المنورة) وذلك أثناء عودة عبد الله من تجارة له إلى الشام &nbsp;ودفن فيها (بينما محمد صلى الله عليه وسلم في بطن أمه) ، فولد محمد صلى الله عليه وسلم يتيماً. (والدراسات العلمية اليوم تثبت أن أيتام الأب فرصتهم للقيادة أعلى من المتوسط العام في البشر، لأنهم يتحملون المسؤولية مبكراً وفي نفس الوقت لم يفقدوا حنان الأم).</span><br />\r\n&nbsp;</p>\r\n\r\n<p dir="rtl">&nbsp;</p>\r\n\r\n<p dir="rtl"><span style="color:#006400"><strong>أمه</strong></span></p>\r\n\r\n<p dir="rtl"><span style="color:#006400">آمنة بنت وهب بن عبد مناف بن زهرة بن كلاب بن مرة بن كعب.<br />\r\nوقد ماتت وعمره صلى الله عليه وسلم ست سنوات ،ودفنت ما بين مكة والمدينة حيث كانت عائدة من المدينة بعد زيارتها لأقاربها بني النجار. (والدراسات القيادية كذلك تثبت أن الشخصية القيادية تتشكل في السنوات الأولى من حياة الإنسان وخاصة بين سن الثانية والسادسة إذا كانت الناحية العاطفية مستقرة).</span></p>\r\n\r\n<p dir="rtl">&nbsp;</p>\r\n\r\n<p dir="rtl"><span style="color:#006400">عدنان &laquo;الجد العشرون&raquo;586 ق.م<br />\r\nهو محمد بن عبد الله بن عبد المطلب بن هاشم بن عبد مناف بن قصي بن كلاب بن مرة بن كعب بن لؤي بن غالب بن فهر (وفهر هو قريش) بن مالك بن النضر بن كنانة بن خزيمة بن مدركة بن إلياس بن مضر بن نزار بن معد بن عدنان<br />\r\nوالنسب إلى عدنان محفوظ ومشهور، والمعرفة به دقيقة، أما النسب بعد عدنان فليس ثابتاً فقد ورد عن ابن عباس وابن مسعود رضي الله عنهما في الأثر: &laquo;كذب النسابون ما بعد عدنان&raquo;.</span><br />\r\n&nbsp;</p>\r\n', '1_1.jpg', NULL, '1_2.jpg', NULL, NULL, 1, NULL),
(2, 'الولادة والأسرة العريقة', '<p dir="rtl"><span style="color:#4B0082"><strong>الجد الرابع قصي 440م</strong></span></p>\r\n\r\n<p dir="rtl"><span style="color:#4B0082">استطاعت قبيلة خزاعة السيطرة على مكة (كما ذكرنا في الباب الأول) وانتزعت قيادة العرب من قريش الذين ظلوا في مكة يتطلعون إلى عودة مكة وسيادة العرب إليهم ولكنهم آنذاك خاضعين لخزاعة، ولكن ذلك تغير على يد قصي بن كلاب أعظم زعماء قريش في الجاهلية.<br />\r\nوتبدأ القصة عندما عاد قصي بن كلاب إلى مكة فترة شبابه (بعد أن عاش طفولته خارجها مع أمه التي تزوجت رجلاً من قضاعة) وامتاز قصي بخلقه وعقله ومروءته، فأعجب به سيد مكة الخُزاعي، وزوّجه ابنته، وأوصى إليه بولاية البيت، ولما مات نازع قصي خزاعة على الملك وكادت تحدث الحرب بينهما، إلى أن اتفق الطرفان على تحكيم أحد حكماء العرب، وبيّن قصي أنه أحق بالملك لأن قبيلته هي التي أسست مكة، فحكم له الحكيم بذلك، وانتقلت بذلك &nbsp;السيادة إلى قريش، وصار قصي سيد العرب فأكرم خزاعة وتصالحا.</span><br />\r\n&nbsp;</p>\r\n\r\n<p dir="rtl"><span style="color:#4B0082"><strong>دار الندوة في مكة </strong></span></p>\r\n\r\n<p dir="rtl"><span style="color:#4B0082">جمع قصي بطون قريش، وبنى داراً واسعة سماها دار الندوة للتباحث والمشورة في أحوال قبيلة قريش، ووزع أدوار الرياسة على زعمائها وعلى فروع قريش، وهي أمور تختص بالكعبة وشرف خدمتها (الحجابة، وإطعام وسقاية الحجاج)، وأمور تتعلق بالإدارة والحروب والعلاقات مع القبائل والدول (القيادة السياسية، السِّفارة الدبلوماسية، واللواء بقيادة الحروب) وبهذا شارك الجميع وتوحدت قريش على ذلك.</span></p>\r\n\r\n<p dir="rtl">&nbsp;</p>\r\n\r\n<p dir="rtl"><span style="color:#4B0082"><strong>هاشم جده الثاني</strong></span></p>\r\n\r\n<p dir="rtl"><span style="color:#4B0082">تولى السقاية وإطعام الحجاج حين اقتسمت قريش المناصب والأدوار، وكان موسراً ذا شرفٍ كبير وهو أول من أطعم الثريد بمكة، وكان اسمه عمرو ثم سمي هاشماً لهشمه الخبر (أي تكسيره وتوزيعه على الحجاج)، كما أنه أول من سن رحلة الشتاء والصيف لقريش وفيه يقول الشاعر:</span><br />\r\n<span style="color:#B22222"><strong>عمرو الذي هشم الثريد لـقومه &nbsp; &nbsp; &nbsp; &nbsp; &nbsp; قـوم بـمـكـة مـسنتين عـجــاف<br />\r\nسـنـت إلـيه الرحـلتان كـــــلاهمـا &nbsp; &nbsp; &nbsp; &nbsp; &nbsp; سـفر الـشتـاء ورحلة الأصياف</strong></span><br />\r\n<span style="color:#4B0082">وبعد وفاة هاشم تولى السقاية والرفادة بعده ابنه المطلب وكان شريفا مطاعا، وكانت قريش تسميه الفياض لكرمه وفيض سخائه.<br />\r\nوكان هاشم قبل وفاته تزوج بامرأة من مدينة يثرب (حين مر بها)، فولدت له عبدالمطلب وهي عند أهلها هناك. ومات هاشم بغزة في فلسطين أثناء سفره للتجارة.</span><br />\r\n&nbsp;</p>\r\n\r\n<p dir="rtl"><span style="color:#4B0082"><strong>الجدّ الأول عبد المطلب 497م&nbsp; 530م</strong></span></p>\r\n\r\n<p dir="rtl"><span style="color:#4B0082">ولد في يثرب سنة 497 م وكان اسمه شيبة، فلما كبر ذهب إليه أخوه المطلب وجاء به إلى مكة فلما رآه الناس مع المطلب ظنوه عبدًا للمطلب فقالوا: عبد المطلب، فصار اسما له.<br />\r\nأصبح عبد المطلب بعد وفاة أخيه المطلب زعيم قريش، وكان عليه السقاية للحجاج، وكانت مهمةً شاقة لقلة المياه (حيث كانت بئر زمزم قد غطيت من أيام نزاع قريش مع خزاعة)، فاهتدى يوماً إلى بئر زمزم (وربما رأى مكانها من كلام أُلهمه في رؤيا في المنام) وزاد ذلك في شرفه بين العرب.</span><br />\r\n&nbsp;</p>\r\n\r\n<p dir="rtl">&nbsp;</p>\r\n', '2_1.jpg', '', '', '', NULL, 1, ''),
(3, 'بعض نسب قريش', NULL, '3_1.png', '', '', '', NULL, 1, ''),
(4, 'قبيلته: (قريش)', '<p dir="rtl"><span style="color:#4B0082">قريش‭ ‬هو‭ ‬اسم‭ ‬آخر‭ ‬لأحد‭ ‬أجداد‭ ‬النبي‭ ‬صلى‭ ‬الله‭ ‬عليه‭ ‬وسلم‭ ‬وهو‭ (‬فهر‭) ‬فسميت‭ ‬القبيلة‭ ‬نسبة‭ ‬إليه‭.‬</span></p>\r\n\r\n<p dir="rtl"><span style="color:#4B0082">أبرهة‭ ‬الاشرم‭ ‬يقود‭ ‬جيشا‭ ‬الفيلة‭ ‬لهدم‭ ‬الكعبة‭.‬</span></p>\r\n', '4_1.jpg', '', '', '', NULL, 1, ''),
(5, 'حادثة الفيل', '<p dir="rtl"><span style="color:#4B0082">أراد‭ ‬أبرهة‭ ‬الحبشي‭ ( ‬الحاكم‭ ‬العام‭ ‬لليمن‭ ‬نيابة‭ ‬عن‭ ‬ملك‭ ‬الحبشة‭ ‬النجاشي‭ ) ‬أن‭ ‬يصرف‭ ‬العرب‭ ‬عن‭ ‬الحج‭ ‬إلى‭ ‬الكعبة‭ ‬ليحجوا‭ ‬إلى‭ ‬كنيسة‭ ‬بناها‭ ‬هو‭ ‬في‭ ‬اليمن‭ (‬التي‭ ‬احتلها‭ ‬الأحباش‭ ‬من‭ ‬إفريقيا‭) ‬فدخل‭ ‬الكنيسة‭ ‬رجل‭ ‬عربي‭ ‬من‭ ‬بني‭ ‬كنانة‭ ‬ليلا‭ ‬فلطخها‭ ‬بالعذرة‭ ( ‬القذر‭ ‬الذي‭ ‬يخرج‭ ‬من‭ ‬الإنسان‭)‬،‭ ‬فلما‭ ‬علم‭ ‬أبرهة‭ ‬بذلك‭ ‬غضب‭ ‬غضبا‭ ‬شديدا‭ ‬وقاد‭ ‬جيشاً‭ ‬عظيماً‭ ‬في‭ ‬مقدمته‭ ‬فيل‭ ‬عظيم‭ ‬ليهدم‭ ‬الكعبة،‭ ‬ولما‭ ‬اقترب‭ ‬من‭ ‬مكة‭ ‬خرجت‭ ‬قريش‭ ‬فتفرقوا‭ ‬في‭ ‬رؤوس‭ ‬الجبال،‭ ‬وأخذ‭ ‬جيشه‭ ‬مئتي‭ ‬بعير‭ ‬لعبد‭ ‬المطلب‭ (‬جد‭ ‬النبي‭ ‬صلى‭ ‬الله‭ ‬عليه‭ ‬وسلم‭)‬،‭ ‬فجاء‭ ‬عبد‭ ‬المطلب‭ ‬إلى‭ ‬أبرهة‭ ‬يطالب‭ ‬بإبله،‭ ‬وكان‭ ‬عبدالمطلب‭ ‬رجلاً‭ ‬وسيماً‭ ‬جميلاً‭ ‬مهيباً،‭ ‬فنزل‭ ‬أبرهة‭ ‬عن‭ ‬سريره‭ ‬وجلس‭ ‬معه‭ ‬على‭ ‬بساطه‭ (‬إكراماً‭ ‬له‭ ‬من‭ ‬جهة‭ ‬وحتى‭ ‬لا‭ ‬يجلسه‭ ‬معه‭ ‬على‭ ‬عرشه‭ ‬من‭ ‬جهة‭ ‬أخرى‭)‬،‭ ‬وكان‭ ‬أبرهة‭ ‬يظنه‭ ‬قادماً‭ ‬ليكلمه‭ ‬في‭ ‬أمر‭ ‬الكعبة،‭ ‬فكلمه‭ ‬عبدالمطلب‭ ‬بشأن‭ ‬الإبل‭ ‬مطالباً‭ ‬بإرجاعها‭ ‬إليه،‭ ‬ولم‭ ‬يحاول‭ ‬إقناعه‭ ‬بعدم‭ ‬هدم‭ ‬الكعبة،‭ ‬وعندها‭ ‬نزلت‭ ‬مكانة‭ ‬عبدالمطلب‭ ‬في‭ ‬عين‭ ‬أبرهة‭ ‬وعجب‭ ‬من‭ ‬أمره‭ ‬كيف‭ ‬لايحاول‭ ‬ثنيه‭ ‬عن‭ ‬هدم‭ ‬البيت‭ ‬المقدس‭ ‬عنده‭ ‬وعند‭ ‬العرب‭.‬</span></p>\r\n\r\n<p dir="rtl"><span style="color:#4B0082">فقال‭ ‬له‭ ‬عبد‭ ‬المطلب‭: ‬أنا‭ ‬رب‭ ‬الإبل‭ (‬أي‭ ‬صاحبها‭)‬،‭ ‬وإن‭ ‬للبيت‭ ‬رباً‭ ‬سيمنعه‭ (‬سيحميه‭).‬</span></p>\r\n\r\n<p dir="rtl"><span style="color:#4B0082">فقال‭ ‬له‭ ‬أبرهة‭: ‬ما‭ ‬كان‭ ‬ليمتنع‭ ‬البيت‭ ‬مني‭ (‬أي‭ ‬لن‭ ‬يحمي‭ ‬مني‭ ‬الكعبة‭ ‬أحد‭).‬</span></p>\r\n\r\n<p dir="rtl"><span style="color:#4B0082">قال‭ ‬عبدالمطلب‭ ‬له‭: ‬أنت‭ ‬وذاك‭.‬</span></p>\r\n\r\n<p dir="rtl"><span style="color:#4B0082">فحمى‭ ‬الله‭ ‬بيته‭ ‬من‭ ‬أبرهة،‭ ‬وكانت‭ ‬نهايته‭ ‬كما‭ ‬ذكر‭ ‬القرآن‭ ‬الكريم‭ ‬بأن‭ ‬دمره‭ ‬وجيشه‭ ‬بإلقاء‭ ‬حجارة‭ ‬صغيرة‭ ‬تحملها‭ ‬طيور‭ ‬صغيرة‭ ‬وكثيرة،‭ ‬واشتهرت‭ ‬القصة‭ ‬عند‭ ‬العرب‭ ‬مما‭ ‬زاد‭ ‬من‭ ‬تعظيم‭ ‬الكعبة‭ ‬في‭ ‬قلوبهم‭. ‬ووصف‭ ‬القرآن‭ ‬الكريم‭ ‬هذه‭ ‬القصة‭ ‬في‭ ‬سورة‭ ‬الفيل‭: {‬أَلَمْ‭ ‬تَرَ‭ ‬كَيْفَ‭ ‬فَعَلَ‭ ‬رَبُّكَ‭ ‬بِأَصْحَابِ‭ ‬الْفِيلِ‭ (‬1‭) ‬أَلَمْ‭ ‬يَجْعَلْ‭ ‬كَيْدَهُمْ‭ ‬فِي‭ ‬تَضْلِيلٍ‭ (‬2‭) ‬وَأَرْسَلَ‭ ‬عَلَيْهِمْ‭ ‬طَيْراً‭ ‬أَبَابِيلَ‭ (‬3‭) ‬تَرْمِيهِمْ‭ ‬بِحِجَارَةٍ‭ ‬مِنْ‭ ‬سِجِّيلٍ‭ (‬4‭) ‬فَجَعَلَهُمْ‭ ‬كَعَصْفٍ‭ ‬مَأْكُولٍ‭(‬5‭)} (‬سورة‭ ‬الفيل‭) ‬</span></p>\r\n\r\n<p dir="rtl"><span style="color:#4B0082">وكانت‭ ‬هذه‭ ‬الحادثة‭ ‬قبل‭ ‬ولادة‭ ‬النبي‭ ‬صلى‭ ‬الله‭ ‬عليه‭ ‬وسلم‭ ‬بخمسين‭ ‬يوما‭.‬</span></p>\r\n', '', '', '', '', NULL, 1, ''),
(6, 'نقش لأبرهة الحبشي يحتفي بذكرى ترسيخ مملكته', NULL, '6_1.jpg', '', '', '', NULL, 1, ''),
(7, 'وفاة عبد الله بن عبد المطلب 569م', '<p dir="rtl"><span style="color:#4B0082">توفي‭ ‬في‭ ‬هذا‭ ‬العام‭ ‬والد‭ ‬النبي‭ ‬صلى‭ ‬الله‭ ‬عليه‭ ‬وسلم‭ ‬وكان‭ ‬ما‭ ‬يزال‭ ‬جنيناً‭ ‬في‭ ‬بطن‭ ‬أمه،‭ ‬فولد‭ ‬يتيماً‭ ‬عليه‭ ‬أفضل‭ ‬الصلاة‭ ‬والسلام</span></p>\r\n', '', '', '', '', NULL, 1, ''),
(8, 'ابن الذبيحين 570م', '<p dir="rtl"><span style="color:#4B0082">لما‭ ‬حفر‭ ‬عبد‭ ‬المطلب‭ ‬بئر‭ ‬زمزم‭ (‬أعاد‭ ‬اكتشاف‭ ‬مكانها‭ ‬وحفرها‭ ‬بعد‭ ‬أن‭ ‬ردمت‭) ‬نذر‭ ‬لئن‭ ‬رزقه‭ ‬الله‭ ‬بعشرة‭ ‬من‭ ‬الولد‭ ‬يعينونه‭ ‬ويحمونه‭ ‬لينحرن‭ ‬أحدهم،‭ ‬فلما‭ ‬كبروا‭ ‬ووثق‭ ‬من‭ ‬أنهم‭ ‬سيطيعون‭ ‬أمره‭ ‬اقترع‭ ‬بينهم‭ ‬فخرجت‭ ‬القرعة‭ ‬على‭ ‬ابنه‭ ‬عبد‭ ‬الله،‭ ‬وكان‭ ‬أحب‭ ‬ولده‭ ‬إليه‭ ‬وأعفهم‭ ‬وأكرمهم،‭ ‬فأخذه‭ ‬إلى‭ ‬الكعبة‭ ‬ليذبحه‭ ‬فاعترضت‭ ‬عليه‭ ‬قريش‭ ‬وخاصة‭ ‬أخوه‭ ‬أبو‭ ‬طالب‭ ‬وأخواله‭ ‬من‭ ‬بني‭ ‬مخزوم‭ ‬حتى‭ ‬لا‭ ‬تصبح‭ ‬عادة‭ ‬بين‭ ‬العرب،‭ ‬فاستشاروا‭ ‬عرافة‭ (‬كاهنة‭) ‬فأمرت‭ ‬أن‭ ‬يقرع‭ ‬بينه‭ ‬وبين‭ ‬عشرة‭ ‬من‭ ‬الإبل‭ ( ‬كانت‭ ‬دية‭ ‬الرجل‭ ‬عشرة‭ ‬من‭ ‬الإبل‭) ‬فإذا‭ ‬خرجت‭ ‬القرعة‭ ‬على‭ ‬عبد‭ ‬الله‭ ‬زاد‭ ‬عشرة‭ ‬حتى‭ ‬تخرج‭ ‬القرعة‭ ‬على‭ ‬الإبل‭ ‬فينحرها،‭ ‬فظلت‭ ‬تقع‭ ‬القرعة‭ ‬على‭ ‬عبد‭ ‬الله‭ ‬حتى‭ ‬بلغت‭ ‬مائة‭ ‬من‭ ‬الإبل‭ ‬فوقعت‭ ‬عليها‭ ‬فنحرها‭ ‬جميعاً،‭ ‬وتركها‭ ‬لا‭ ‬يرد‭ ‬عنها‭ ‬إنساناً‭ ‬ولا‭ ‬سبعاً،‭ ‬ثم‭ ‬أصبحت‭ ‬الدية‭ ‬بعد‭ ‬ذلك‭ ‬مائة‭ ‬من‭ ‬الإبل‭ ‬في‭ ‬عرف‭ ‬العرب‭ ‬وأقرها‭ ‬الإسلام،‭ ‬وروي‭ ‬عن‭ ‬النبي‭ ‬صلى‭ ‬الله‭ ‬عليه‭ ‬وسلم‭ (‬أنا‭ ‬ابن‭ ‬الذبيحين‭) ‬يعني‭ ‬إسماعيل‭ ‬وأباه‭ ‬عبد‭ ‬الله‭.‬</span></p>\r\n', '8_1.jpg', '', '', '', NULL, 1, ''),
(9, 'الولادة الشريفة 570م', '<p dir="rtl"><span style="color:#4B0082">ولد‭ ‬النبي‭ ‬صلى‭ ‬الله‭ ‬عليه‭ ‬وسلم‭ ‬في‭ ‬مكة،‭ ‬ونزل‭ ‬رافعاً‭ ‬رأسه‭ ‬إلى‭ ‬السماء‭. ‬ورأت‭ ‬أمه‭ ‬عند‭ ‬ولادته‭ ‬البشارات‭ ‬وأنها‭ ‬تعيذه‭ ‬بالله‭ ‬الواحد‭.‬</span></p>\r\n\r\n<p dir="rtl"><span style="color:#4B0082">ويذكر‭ ‬المؤرخون‭ ‬أن‭ ‬نار‭ ‬المجوس‭ ‬انطفأت‭ ‬عند‭ ‬ولادته،‭ ‬وتكسرت‭ ‬شرفات‭ ‬قصر‭ ‬كسرى‭ ‬الفرس‭ ‬في‭ ‬المدائن،‭ ‬وغيرها‭ ‬ولكنها‭ ‬من‭ ‬العلامات‭ ‬غير‭ ‬الثابتة‭ ‬تاريخياً‭ ‬وعلمياً‭.‬</span></p>\r\n', '9_1.jpg', '', '', '', NULL, 1, ''),
(10, 'أحداث عالمية', '<p dir="rtl"><span style="color:#A52A2A">570م</span></p>\r\n\r\n<p dir="rtl"><span style="color:#808080">الفرس‭ ‬ينهون‭ ‬حكم‭ ‬الأحباش‭ ‬في‭ ‬اليمن</span></p>\r\n\r\n<p dir="rtl"><span style="color:#808080">اثار‭ ‬فارسية‭ ‬في‭ ‬اليمن</span></p>\r\n', '10_1.jpg', '', '', '', NULL, 1, ''),
(11, 'المرحلة الأولى : النشأة والصغر', NULL, '', '', '', '', NULL, 2, ''),
(12, 'في منطقة بني سعد 570م - 574م', '<p dir="rtl"><span style="color:#4B0082">كان‭ ‬من‭ ‬عادة‭ ‬قريش‭ ‬إرسال‭ ‬أولادها‭ ‬الرضع‭ ‬خارج‭ ‬مكة‭ ‬عند‭ ‬القبائل‭ ‬العربية‭ ‬المخيمة‭ ‬خارج‭ ‬مكة‭ ‬وذلك‭ ‬خوفاً‭ ‬عليهم‭ ‬من‭ ‬الأمراض‭ ‬من‭ ‬جهة،‭ ‬وحتى‭ ‬لا‭ ‬تتأثر‭ ‬لغتهم‭ ‬العربية‭ ‬الفصحى‭ ‬باختلاطهم‭ ‬بالذين‭ ‬يزورون‭ ‬مكة‭ ‬من‭ ‬غير‭ ‬العرب‭. ‬ولذلك‭ ‬أمضى‭ ‬محمد‭ ‬صلى‭ ‬الله‭ ‬عليه‭ ‬وسلم‭ ‬فترة‭ ‬رضاعته‭ ‬عند‭ ‬حليمة‭ ‬بنت‭ ‬أبي‭ ‬ذؤيب‭ ‬السعدية،‭ ‬في‭ ‬ديار‭ ‬بني‭ ‬سعد‭ (‬من‭ ‬هوازن‭) ‬شمال‭ ‬شرق‭ ‬مكة،‭ ‬وهي‭ ‬قبيلة‭ ‬مشهورة‭ ‬بالفصاحة،‭ ‬وطيب‭ ‬الهواء‭.‬</span></p>\r\n\r\n<p dir="rtl"><span style="color:#4B0082">وقد‭ ‬رأت‭ ‬حليمة‭ ‬البركة‭ ‬في‭ ‬دارها‭ ‬بسببه‭ ‬في‭ ‬أهلها‭ ‬وأنعامها‭ ‬بشكل‭ ‬تعجبت‭ ‬منه‭. ‬ونشأ‭ ‬محمدٌ‭ ‬قوي‭ ‬البنيان،‭ ‬فصيح‭ ‬اللسان،‭ ‬يقول‭ ‬صلى‭ ‬الله‭ ‬عليه‭ ‬وسلم‭: ‬‮&laquo;‬أنا‭ ‬أعرب‭ ‬العرب،‭ ‬ولدت‭ ‬في‭ ‬قريش،‭ ‬ونشأت‭ ‬في‭ ‬بني‭ ‬سعد،‭ ‬فأنى‭ ‬يأتيني‭ ‬اللحن؟‮&raquo;‬‭ (‬أي‭: ‬فمن‭ ‬أين‭ ‬يمكن‭ ‬أن‭ ‬أخطئ‭ ‬في‭ ‬اللغة؟‭)‬</span></p>\r\n', '12_1.jpg', '', '12_2.jpg', '', NULL, 2, ''),
(13, 'حادثة شق الصدر', '<p dir="rtl"><span style="color:#4B0082">وفي‭ ‬السنة‭ ‬الرابعة‭ ‬من‭ ‬مولده‭ ‬صلى‭ ‬الله‭ ‬عليه‭ ‬وسلم‭ ‬وقع‭ ‬حادث‭ ‬غريب،‭ ‬حيث‭ ‬نزل‭ ‬ملكان‭ ‬في‭ ‬صورة‭ ‬رجلين‭ ‬وشقا‭ ‬صدر‭ ‬النبي‭ ‬صلى‭ ‬الله‭ ‬عليه‭ ‬وسلم،‭ ‬وطهرا‭ ‬قلبه‭ ‬وملآه‭ ‬حكمة،‭ ‬وغسلاه‭ ‬بطست‭ ‬من‭ ‬ذهب‭ ‬بماء‭ ‬زمزم،‭ ‬ثم‭ ‬أعادا‭ ‬خياطته‭. ‬ورأى‭ ‬ذلك‭ ‬شقيقه‭ ‬في‭ ‬الرضاعة‭ ‬فأخبر‭ ‬حليمة‭ ‬التي‭ ‬سارعت‭ ‬بإعادته‭ ‬إلى‭ ‬أمه‭ ‬خوفاً‭ ‬من‭ ‬أن‭ ‬يكون‭ ‬أصابه‭ ‬مكروه‭ ‬أو‭ ‬جن‭.‬</span></p>\r\n', '13_1.jpg', '', '', '', NULL, 2, ''),
(14, 'أحداث عالمية 573م', '<p dir="rtl"><span style="color:#808080">الإمبراطورية‭ ‬البيزنطية‭ ‬تخوض‭ ‬الحرب‭ ‬ضد‭ ‬فارس‭ ‬كما‭ ‬تتعرّض‭ ‬لهجوم‭ ‬القوط‭ ‬الغربيين‭ ‬في‭ ‬إسبانيا</span></p>\r\n', '', '', '', '', NULL, 2, ''),
(15, 'اليتم المتتالي 574م 578م', '<p dir="rtl">عاد‭ ‬محمد‭ ‬صلى‭ ‬الله‭ ‬عليه‭ ‬وسلم‭ ‬لأمه‭ ‬آمنة‭ ‬بنت‭ ‬وهب‭ ‬التي‭ ‬ما‭ ‬لبثت‭ ‬أن‭ ‬توفيت‭ ‬وعمره‭ ‬ست‭ ‬سنوات،‭ ‬فرعاه‭ ‬جده‭ ‬عبد‭ ‬المطلب‭ ‬سيد‭ ‬مكة‭ ‬والذي‭ ‬كان‭ ‬يعتني‭ ‬به‭ ‬عناية‭ ‬خاصة‭ ‬ويرعاه‭ ‬رعاية‭ ‬قيادية،‭ ‬حيث‭ ‬كان‭ ‬لعبدالمطلب‭ ‬عند‭ ‬الكعبة‭ ‬بساط‭ ‬يفرشه‭ ‬له‭ ‬أبناؤه‭ ‬التسعة‭ (‬عاشرهم‭ ‬عبدالله‭ ‬كان‭ ‬قد‭ ‬مات‭) ‬ولا‭ ‬يسمحون‭ ‬لأحد‭ ‬الجلوس‭ ‬عليه‭ ‬قبل‭ ‬عبدالمطلب،‭ ‬فكان‭ ‬محمد‭ ‬صلى‭ ‬الله‭ ‬عليه‭ ‬وسلم‭ ‬يتسلل‭ ‬فيجلس‭ ‬عليه،‭ ‬فيمنعه‭ ‬أعمامه،‭ ‬حتى‭ ‬رآهم‭ ‬عبدالمطلب‭ ‬وهم‭ ‬يمنعونه،‭ ‬فأمرهم‭ ‬بالسماح‭ ‬له‭ ‬لما‭ ‬يراه‭ ‬فيه‭ ‬من‭ ‬مستقبل‭ ‬قيادي‭. ‬فكان‭ ‬محمد‭ ‬صلى‭ ‬الله‭ ‬عليه‭ ‬وسلم‭ ‬وهو‭ ‬بين‭ ‬السادسة‭ ‬والثامنة‭ ‬يجالس‭ ‬الكبار،‭ ‬ويسمع‭ ‬حديث‭ ‬القادة‭ ‬السياسين،‭ ‬وكل‭ ‬هذا‭ ‬جزء‭ ‬من‭ ‬تربيته‭ ‬القيادية‭. ‬ثم‭ ‬ما‭ ‬لبث‭ ‬أن‭ ‬توفي‭ ‬جده‭ ‬عبدالمطلب‭ ‬وعمره‭ ‬ثماني‭ ‬سنوات،‭ ‬فتوالى‭ ‬عليه‭ ‬فقدان‭ ‬الأحبة‭ ‬مما‭ ‬جعل‭ ‬الرحمة‭ ‬صفة‭ ‬أساسية‭ ‬في‭ ‬أخلاقه‭ ‬صلى‭ ‬الله‭ ‬عليه‭ ‬وسلم‭.‬</p>\r\n', '', '', '', '', NULL, 2, ''),
(16, 'ولادة أبي بكر رضي الله عنه، الصدّيق، والخليفة الأوّل. (توفّي عام 634) 573م', NULL, '', '', '', '', NULL, 2, ''),
(17, 'في رعاية عمه أبي طالب 579م', '<p dir="rtl"><span style="color:#4B0082">دخل‭ ‬الرسول‭ ‬صلى‭ ‬الله‭ ‬عليه‭ ‬وسلم‭ ‬في‭ ‬رعاية‭ ‬عمه‭ ‬أبي‭ ‬طالب‭ ‬وهو‭ ‬في‭ ‬الثامنة‭ ‬من‭ ‬عمره‭ ‬بعد‭ ‬وفاة‭ ‬والدته‭ ‬وجده‭.‬</span></p>\r\n\r\n<p dir="rtl"><span style="color:#4B0082">‭ ‬وأخذه‭ ‬عمه‭ ‬معه‭ ‬مرة‭ ‬في‭ ‬تجارة‭ ‬إلى‭ ‬بصرى‭ ‬الشام‭ ‬عندما‭ ‬كان‭ ‬عمره‭ ‬12‭ ‬عاماً،‭ ‬وفي‭ ‬الطريق‭ ‬دعاهم‭ ‬الراهب‭ ‬النصراني‭ (‬بحيرا‭) ‬إلى‭ ‬طعام،‭ ‬حين‭ ‬رأى‭ ‬غمامة‭ ‬تظلل‭ ‬القافلة،‭ ‬وحاور‭ ‬محمداً‭ ‬صلى‭ ‬الله‭ ‬عليه‭ ‬وسلم،‭ ‬فعرف‭ ‬منه‭ ‬أنه‭ ‬على‭ ‬التوحيد‭ ‬ويكره‭ ‬الأصنام‭ ‬ولم‭ ‬يعبدها‭ ‬قط،‭ ‬وعرف‭ ‬فيه‭ ‬كذلك‭ ‬علامات‭ ‬النبوة‭ ‬فقال‭ ‬بحيراً‭ ‬الراهب‭ ‬ناصحاً‭ ‬أبا‭ ‬طالب‭: ‬ارجع‭ ‬بابن‭ ‬أخيك‭ ‬إلى‭ ‬بلده،‭ ‬واحذر‭ ‬عليه‭ ‬يهود،‭ ‬فوالله‭ ‬لئن‭ ‬رأوه‭ ‬وعرفوا‭ ‬منه‭ ‬ما‭ ‬عرفتُ‭ ‬ليريدن‭ ‬به‭ ‬شراً،‭ ‬فإن‭ ‬لابن‭ ‬أخيك‭ ‬شأناً‭ ‬عظيماً‭.‬</span></p>\r\n\r\n<p dir="rtl"><span style="color:#4B0082">فأعاده‭ ‬أبو‭ ‬طالب‭ ‬إلى‭ ‬مكة،‭ ‬ولم‭ ‬يكمل‭ ‬محمد‭ ‬صلى‭ ‬الله‭ ‬عليه‭ ‬وسلم‭ ‬الرحلة‭ ‬إلى‭ ‬الشام‭.‬</span></p>\r\n', '17_1.jpg', '', '', '', NULL, 2, ''),
(18, 'المرحلة الثانية : الفتوة والشباب', '<p dir="rtl"><span style="color:#4B0082"><strong>فتوته‭ ‬ومراهقته&nbsp; 583م &nbsp;590م</strong></span></p>\r\n\r\n<p dir="rtl"><span style="color:#4B0082">كان‭ ‬محمد‭ ‬صلى‭ ‬الله‭ ‬عليه‭ ‬وسلم‭ ‬مثلاً‭ ‬عالياً‭ ‬بين‭ ‬أهل‭ ‬مكة،‭ ‬حيث‭ ‬وصل‭ ‬إلى‭ ‬أعلى‭ ‬درجات‭ ‬الحسن‭ ‬الجسمي،‭ ‬والإحسان‭ ‬الخلقي‭ ‬في‭ ‬طفولته‭ ‬وفتوته،‭ ‬فكان‭ ‬يحيا‭ ‬حياة‭ ‬البادية،‭ ‬ويشارك‭ ‬الأطفال‭ ‬في‭ ‬الجد‭ ‬واللعب،‭ ‬دون‭ ‬أن‭ ‬يكون‭ ‬هناك‭ ‬طيشٌ‭ ‬في‭ ‬تصرفاته‭ ‬حاشاه،‭ ‬فنشأ‭ ‬قويّ‭ ‬الجسد،‭ ‬حرّ‭ ‬الإرادة،‭ ‬فصيح‭ ‬اللسان،‭ ‬حتى‭ ‬كان‭ ‬أبو‭ ‬طالب‭ ‬يلوم‭ ‬أولاده‭ ‬ويعاتبهم‭ ‬على‭ ‬أعمالهم،‭ ‬ويحثّهم‭ ‬على‭ ‬الاقتداء‭ ‬بسلوك‭ ‬محمد‭ ‬صلى‭ ‬الله‭ ‬عليه‭ ‬وسلم‭.‬</span></p>\r\n\r\n<p dir="rtl"><span style="color:#4B0082">وعمل‭ ‬محمد‭ ‬صلى‭ ‬الله‭ ‬عليه‭ ‬وسلم‭ ‬في‭ ‬رعي‭ ‬الغنم‭ ‬لأهله‭ ‬ولأهل‭ ‬مكة،‭ ‬ولمساعدة‭ ‬عمه‭ ‬الفقير‭ ‬أبي‭ ‬طالب‭ (‬الذي‭ ‬كان‭ ‬من‭ ‬سادات‭ ‬مكة‭ ‬ولكنه‭ ‬كان‭ ‬فقيرا‭ ‬لكثرة‭ ‬أولاده‭ ‬ولشدة‭ ‬كرمه‭)‬،‭ ‬يقول‭ ‬صلى‭ ‬الله‭ ‬عليه‭ ‬وسلم‭: ‬ما‭ ‬بعث‭ ‬الله‭ ‬نبيّاً‭ ‬إلا‭ ‬رعى‭ ‬الغنم‭..‬</span></p>\r\n\r\n<p dir="rtl"><span style="color:#4B0082">فقال‭ ‬أصحابه‭: ‬وأنت؟</span></p>\r\n\r\n<p dir="rtl"><span style="color:#4B0082">فقال‭: ‬نعم،‭ ‬كنت‭ ‬أرعاها‭ ‬على‭ ‬قراريط‭ ‬لأهل‭ ‬مكة‭.( ‬البخاري‭ ‬والمؤطأ‭) ‬،‭ (‬والقيراط‭ ‬عملة‭ ‬فضية‭ ‬في‭ ‬ذاك‭ ‬الوقت‭ ‬تقدر‭ ‬بـحوالي‭ ‬5‭ ‬غرامات‭ ‬وهو‭ ‬مبلغ‭ ‬زهيد‭).‬</span></p>\r\n\r\n<p dir="rtl">&nbsp;</p>\r\n\r\n<p dir="rtl"><span style="color:#4B0082"><strong>مرحلة‭ ‬الشباب&nbsp;591م</strong></span></p>\r\n\r\n<p dir="rtl"><span style="color:#4B0082">عُرف‭ ‬محمد‭ ‬صلى‭ ‬الله‭ ‬عليه‭ ‬وسلم‭ ‬في‭ ‬مكة‭ ‬بالجدّ‭ ‬والهدوء‭ ‬والاستقامة،‭ ‬والصدق‭ ‬وحسن‭ ‬الأداء‭ ‬حتى‭ ‬لُقّب‭ ‬بالصادق‭ ‬الأمين‭ (‬وتثبت‭ ‬الدراسات‭ ‬العميقة‭ ‬التي‭ ‬قام‭ ‬بها‭ ‬الباحثان‭ ‬<strong>Kouzes</strong>‭ ‬<strong>and</strong>‭ ‬<strong>Posner</strong>‭ ‬في‭ ‬كتابهما‭ ‬الشهير‭ (‬القيادة‭ ‬تحدٍ‭) ‬أن‭ ‬المصداقية‭ ( ‬وتعريفها‭ ‬عندهما‭ ‬الصادق‭ ‬الأمين‭) ‬هي‭ ‬أهم‭ ‬الصفات‭ ‬التي‭ ‬يتطلع‭ ‬الناس‭ ‬إليها‭ ‬في‭ ‬القائد‭ (‬تم‭ ‬ذلك‭ ‬باستطلاع‭ ‬رأي‭ ‬1‭,‬5‭ ‬مليون‭ ‬شخص‭ ‬لمدة‭ ‬27‭ ‬سنة‭ ‬في‭ ‬كل‭ ‬القارات،‭ ‬ولم‭ ‬تتغير‭ ‬النتيجة،‭ ‬فتسميته‭ ‬بالصادق‭ ‬الأمين‭ ‬لها‭ ‬معنى‭ ‬خاص،‭ ‬فلم‭ ‬يلقب‭ ‬بالشجاع‭ ‬الكريم،‭ ‬أو‭ ‬القوي‭ ‬الحكيم‭ ‬أو‭ ‬غيرها‭). ‬كما‭ ‬كان‭ ‬يتصف‭ ‬بكمال‭ ‬العقل،‭ ‬وعلوّ‭ ‬الهمّة،‭ ‬وكان‭ ‬شديد‭ ‬التواضع،‭ ‬حلو‭ ‬الكلام،‭ ‬يحادث‭ ‬الصغار،‭ ‬ويجالس‭ ‬الكبار‭. ‬</span></p>\r\n\r\n<p dir="rtl"><span style="color:#4B0082">ولم‭ ‬يظهر‭ ‬عليه‭ ‬صلى‭ ‬الله‭ ‬عليه‭ ‬وسلم‭ ‬ميل‭ ‬إلى‭ ‬عبث‭ ‬أو‭ ‬لهو‭ ‬أو‭ ‬لعب،‭ ‬فعرف‭ ‬بين‭ ‬أهل‭ ‬مكة‭ ‬بالهدوء‭ ‬والجدّ‭ ‬وحبه‭ ‬لكل‭ ‬الأخلاق‭ ‬السامية‭ ‬من‭ ‬صدق‭ ‬وأمانة‭ ‬وكرم‭ ‬ورحمة،‭ ‬وكراهيته‭ ‬للعدوان،‭ ‬ولإهانة‭ ‬الناس‭ ‬أو‭ ‬الاستخفاف‭ ‬بهم‭ ‬ليُتْمٍ‭ ‬أو‭ ‬فقر‭ ‬أو‭ ‬رقّ‭ (‬عبودية‭)‬،‭ ‬وغير‭ ‬ذلك‭.‬</span></p>\r\n\r\n<p dir="rtl">&nbsp;</p>\r\n\r\n<p dir="rtl"><span style="color:#4B0082"><strong>حلف‭ ‬الفضول&nbsp;&nbsp;590</strong><strong>م</strong></span></p>\r\n\r\n<p dir="rtl"><span style="color:#4B0082">دعي‭ ‬رسول‭ ‬الله‭ ‬صلى‭ ‬الله‭ ‬عليه‭ ‬وسلم‭ ‬وهو‭ ‬في‭ ‬العشرين‭ ‬من‭ ‬عمره‭ ‬إلى‭ ‬حضور‭ ‬حلف‭ ‬عقدته‭ ‬قريش‭ ‬يدعو‭ ‬إلى‭ ‬نصرة‭ ‬المظلوم‭ ‬والقتال‭ ‬لإرجاع‭ ‬الحق‭ ‬لأهله‭.‬</span></p>\r\n\r\n<p dir="rtl"><span style="color:#4B0082">يقول‭ ‬صلى‭ ‬الله‭ ‬عليه‭ ‬وسلم‭: ‬‮&laquo;‬لقد‭ ‬شهدت‭ ‬في‭ ‬دار‭ ‬عبد‭ ‬الله‭ ‬بن‭ ‬جدعان‭ ‬حلفاً‭ ‬ما‭ ‬أحب‭ ‬لي‭ ‬أن‭ ‬له‭ ‬به‭ ‬حمر‭ ‬النعم‭ ( ‬النوق‭ ‬الحمراء‭ ‬الغالية‭ )‬،‭ ‬ولو‭ ‬دعيت‭ ‬به‭ ‬في‭ ‬الإسلام‭ ‬لأجبت‮&raquo;‬‭. ‬</span></p>\r\n\r\n<p dir="rtl">&nbsp;</p>\r\n', '', '', '', '', NULL, 2, ''),
(19, 'أحداث عالمية', '<p dir="rtl"><span style="color:#B22222">586م</span></p>\r\n\r\n<p dir="rtl"><span style="color:#808080">البيزنطيون‭ ‬يهزمون‭ ‬الفرس‭ ‬في‭ ‬معركة‭ ‬سولاكون‭ ‬<strong>Solachon</strong>‭ ‬قرب‭ ‬درعا‭.‬</span></p>\r\n\r\n<p>&nbsp;</p>\r\n', '19_1.jpg', '', '', '', NULL, 2, ''),
(20, 'أحداث عالمية', '<p dir="rtl"><span style="color:#B22222">590م</span></p>\r\n\r\n<p dir="rtl"><span style="color:#808080">خوسرو‭ ‬الثاني‭ ( ‬كسرى‭ ‬الثاني‭) ‬<strong>Chosroes</strong>‭ ‬<strong>II</strong>‭ ‬يعتلي‭ ‬عرش‭ ‬فارس‭ ‬ويجدّد‭ ‬الحرب‭ ‬ضد‭ ‬الإمبراطورية‭ ‬البيزنطية‭ (‬حتى‭ ‬عام‭ ‬628‭)‬</span></p>\r\n\r\n<p>&nbsp;</p>\r\n', '', '', '', '', NULL, 2, ''),
(21, 'المشاركة في الحرب 591م', '<p dir="rtl">عندما‭ ‬كان‭ ‬عمره‭ ‬21‭ ‬سنة‭ ‬هجمت‭ ‬قبيلة‭ ‬هوازن‭ ‬من‭ ‬الطائف‭ ‬على‭ ‬قريش‭ ‬فجأة‭ ‬في‭ ‬معركة‭ ‬اشتهرت‭ ‬باسم‭ (‬حرب‭ ‬الفجار‭)‬،‭ ‬لأن‭ ‬هوازن‭ ‬هجمت‭ ‬على‭ ‬مكة‭ ‬في‭ ‬الأشهر‭ ‬الحرم‭ (‬والقتال‭ ‬فيها‭ ‬محرم‭ ‬حتى‭ ‬عند‭ ‬عرب‭ ‬الجاهلية‭) ‬فكان‭ ‬فجوراً‭ ‬وظلماً‭ ‬من‭ ‬هوازن‭.‬</p>\r\n\r\n<p dir="rtl">وهبت‭ ‬مكة‭ ‬للدفاع‭ ‬عن‭ ‬نفسها،‭ ‬وشارك‭ ‬محمد‭ ‬صلى‭ ‬الله‭ ‬عليه‭ ‬وسلم‭ ‬في‭ ‬المعركة‭ ‬بجمع‭ ‬النبال‭ ‬التي‭ ‬يسقطها‭ ‬العدو،‭ ‬وتزويد‭ ‬أعمامه‭ ‬بها،‭ ‬واستطاعت‭ ‬قريش‭ ‬رد‭ ‬عدوان‭ ‬هوازن‭ ‬عليها‭.‬</p>\r\n\r\n<p dir="rtl">فرأى‭ ‬الحروب‭ ‬والقتال‭ ‬فيها،‭ ‬وتكتيكاتها‭ ‬وفنونها،‭ ‬ورأى‭ ‬كذلك‭ ‬دماءها‭ ‬وقسوتها‭.‬</p>\r\n\r\n<p dir="rtl">كل‭ ‬ذلك‭ ‬جعله‭ ‬يفهم‭ ‬الحرب‭ (‬وضرورتها‭ ‬أحياناً‭)‬،‭ ‬ولكنه‭ ‬عرف‭ ‬شدتها‭ ‬وآثارها‭ ‬مما‭ ‬جعله‭ ‬يميل‭ ‬لتجنبها‭ ‬ما‭ ‬استطاع‭.‬</p>\r\n', '', '', '', '', NULL, 2, ''),
(22, 'التجارة 594م', '<p dir="rtl"><span style="color:#4B0082">وقام‭ ‬عليه‭ ‬الصلاة‭ ‬والسلام‭ (‬قبل‭ ‬أن‭ ‬يصل‭ ‬عمره‭ ‬إلى‭ ‬25‭ ‬سنة‭) ‬بأعمال‭ ‬التجارة‭ ‬وحده،‭ ‬أو‭ ‬بالمشاركة‭ ‬مع‭ ‬غيره،‭ ‬وكان‭ ‬يتاجر‭ ‬بأموال‭ ‬بعض‭ ‬التجار‭ ‬بنسبة‭ ‬يأخذها‭ ‬من‭ ‬الأرباح‭.‬</span></p>\r\n\r\n<p dir="rtl"><span style="color:#4B0082">وعُرف‭ ‬الرسول‭ ‬صلى‭ ‬الله‭ ‬عليه‭ ‬وسلم‭ ‬بالأمانة‭ ‬والصدق‭ ‬في‭ ‬المعاملة‭ ‬مما‭ ‬جعل‭ ‬الناس‭ ‬تقبل‭ ‬عليه‭ ‬وجعله‭ ‬يحقق‭ ‬أرباحاً‭ ‬متميزة‭ ‬لمن‭ ‬يتاجر‭ ‬برؤوس‭ ‬أموالهم،‭ ‬واشتهر‭ ‬أمره‭ ‬هذا‭ ‬بين‭ ‬الناس‭.‬</span></p>\r\n', '22_1.jpg', '', '', '', NULL, 2, ''),
(23, 'خديجة بنت خويلد رضي الله عنها 594م', '<p dir="rtl"><span style="color:#2F4F4F">اختارت‭ ‬السيدة‭ ‬خديجة‭ ‬محمداً‭ ‬ليكون‭ ‬أميناً‭ ‬على‭ ‬تجارتها‭ ‬إلى‭ ‬الشام،‭ ‬لما‭ ‬علمته‭ ‬عنه‭ ‬من‭ ‬صدق‭ ‬حديثه،‭ ‬وعظم‭ ‬أمانته،‭ ‬وكرم‭ ‬أخلاقه‭.‬</span></p>\r\n\r\n<p dir="rtl"><span style="color:#2F4F4F">وخديجة‭ ‬امرأة‭ ‬قرشية‭ ‬شريفة‭ ‬عاقلة‭ ‬حازمة‭ ‬جميلة‭ ‬وخلوقة،‭ ‬وكانت‭ ‬أكثر‭ ‬قريش‭ ‬مالاً‭ (‬حتى‭ ‬قيل‭ ‬إن‭ ‬أموالها‭ ‬تساوي‭ ‬كل‭ ‬أموال‭ ‬قريش‭) ‬وكانت‭ ‬أرملة‭ ‬قد‭ ‬توفي‭ ‬زوجها‭ ‬الأول‭ ‬ثم‭ ‬زوجها‭ ‬الثاني‭ ‬فكان‭ ‬أشراف‭ ‬مكة‭ ‬يحرصون‭ ‬على‭ ‬ودها‭ ‬والتقرب‭ ‬منها،‭ ‬وكانت‭ ‬تردّهم‭ ‬جميعاً،‭ ‬ولمّا‭ ‬تعاملت‭ ‬مع‭ ‬الرسول‭ [‬‭ ‬وعرفت‭ ‬أخلاقه‭ ‬وصفاته‭ ‬عرضت‭ ‬هي‭ ‬عليه‭ ‬الزواج‭ (‬بواسطة‭ ‬صديقتها‭)‬،‭ ‬وخطبها‭ ‬أعمامه‭ ‬لها‭ ‬من‭ ‬أبيها‭ ‬خويلد‭ ‬بن‭ ‬أسد،‭ ‬وتمّ‭ ‬الزواج‭ ‬المبارك،‭ ‬وعاشا‭ ‬زوجين‭ ‬سعيدين،‭ ‬وكانت‭ ‬زوجته‭ ‬الوحيدة‭ ‬لمدة‭ ‬25‭ ‬سنة،‭ ‬وأم‭ ‬لستة‭ ‬من‭ ‬أولاده‭ ( ‬القاسم‭ ‬وعبدالله‭ (‬الملقب‭ ‬بالطيب‭) ‬وزينب‭ ‬ورقية‭ ‬وأم‭ ‬كلثوم‭ ‬وفاطمة‭) (‬ولم‭ ‬يرزق‭ ‬من‭ ‬غيرها‭ ‬إلا‭ ‬إبراهيم‭ ‬من‭ ‬مارية‭ ‬القبطية‭)‬</span></p>\r\n', '23_1.jpg', '', '', '', NULL, 2, ''),
(24, 'أحداث عالمية', '<p dir="rtl"><strong><span style="color:#B22222">594م</span></strong></p>\r\n\r\n<p dir="rtl"><span style="color:#808080">نهاية‭ ‬وباء‭ ‬الطاعون‭ ‬الذي‭ ‬بدأ‭ ‬اجتياح‭ ‬أوربا‭ ‬عام‭ ‬542‭ ‬آخذاً‭ ‬معه‭ ‬نصف‭ ‬سكّانها</span></p>\r\n\r\n<p dir="rtl">&nbsp;</p>\r\n\r\n<p>&nbsp;</p>\r\n\r\n<p dir="rtl"><span style="color:#B22222"><strong>595م</strong></span></p>\r\n\r\n<p dir="rtl"><span style="color:#808080">أوّل‭ ‬تسجيل‭ ‬موثّق‭ ‬لحساباتٍ‭ ‬وفق‭ ‬النظام‭ ‬العشري‭ ‬في‭ ‬الهند</span></p>\r\n\r\n<p>&nbsp;</p>\r\n\r\n<p dir="rtl"><strong><span style="color:#B22222">598م</span></strong></p>\r\n\r\n<p dir="rtl"><span style="color:#808080">في‭ ‬كانتربيري‭ ‬<strong>Canterbury</strong>،‭ ‬إقامة‭ ‬ما‭ ‬يحتمل‭ ‬أن‭ ‬يكون‭ ‬أوّل‭ ‬مدرسة‭ ‬في‭ ‬بريطانيا</span></p>\r\n\r\n<p>&nbsp;</p>\r\n\r\n<p dir="rtl"><strong><span style="color:#B22222">599م</span></strong></p>\r\n\r\n<p dir="rtl"><span style="color:#808080">الإمبراطورية‭ ‬الساسانية‭ ‬الفارسية‭ ‬تستولي‭ ‬على‭ ‬اليمن‭ ‬وتنتزعها‭ ‬من‭ ‬يد‭ ‬الحبشة،‭ ‬وتعين‭ ‬عليها‭ ‬ملكاً‭ ‬فارسياً‭ ‬يديرها‭ ‬نيابة‭ ‬عن‭ ‬كسرى</span></p>\r\n', '', '', '', '', NULL, 2, ''),
(25, 'المشاركة في السياسة والقضاء 605م', '<p dir="rtl"><span style="color:#4B0082">عندما‭ ‬كان‭ ‬محمد‭ ‬صلى‭ ‬الله‭ ‬عليه‭ ‬وسلم‭ ‬في‭ ‬الخامسة‭ ‬والثلاثين‭ ‬من‭ ‬العمر،‭ ‬أصاب‭ ‬مكة‭ ‬سيل‭ ‬مدمّر‭ ‬أدى‭ ‬إلى‭ ‬هدم‭ ‬الكعبة،‭ ‬فتعاونت‭ ‬بطون‭ ‬قريش‭ ‬جميعاً‭ ‬على‭ ‬إعادة‭ ‬بنائها،‭ ‬وعندما‭ ‬بلغوا‭ ‬موضع‭ ‬الحجر‭ ‬الأسود‭ ‬اختصموا‭ ‬من‭ ‬ينال‭ ‬شرف‭ ‬وضعه‭ ‬في‭ ‬مكانه،‭ ‬كل‭ ‬قبيلة‭ ‬تريد‭ ‬أن‭ ‬تنال‭ ‬هذا‭ ‬الشرف،‭ ‬حتى‭ ‬وصل‭ ‬الأمر‭ ‬إلى‭ ‬رفع‭ ‬السيوف،‭ ‬وكادوا‭ ‬يقتتلون،‭ ‬ثم‭ ‬إنهم‭ ‬اتفقوا‭ ‬على‭ ‬تحكيم‭ ‬أول‭ ‬من‭ ‬يدخل‭ ‬باب‭ ‬السلام،‭ ‬وكان‭ ‬محمد‭ ‬صلى‭ ‬الله‭ ‬عليه‭ ‬وسلم‭ ‬أول‭ ‬قادم،‭ ‬فصاحوا‭ ‬جميعاً‭: ‬هذا‭ ‬الأمين،‭ ‬رضينا‭ ‬به،‭ ‬ولما‭ ‬وصل‭ ‬إليهم‭ ‬أخبروه‭ ‬فقال‭: ‬هاتوا‭ ‬ثوباً،‭ ‬وأخذ‭ ‬الحجر‭ ‬فوضعه‭ ‬عليه‭ ‬بيده،‭ ‬ثم‭ ‬قال‭: ‬لِتمسكْ‭ ‬كل‭ ‬قبيلة‭ ‬بطرف‭ ‬من‭ ‬أطراف‭ ‬الثوب،‭ ‬ولما‭ ‬وصل‭ ‬الحجر‭ ‬إلى‭ ‬علوّ‭ ‬مكانه،‭ ‬وضعه‭ ‬بيده‭ ‬الشريفة‭ ‬صلى‭ ‬الله‭ ‬عليه‭ ‬وسلم،‭ ‬واستطاع‭ ‬بحكمته‭ ‬العالية‭ ‬أن‭ ‬يمنع‭ ‬الاقتتال‭ ‬ويساهم‭ ‬الجميع‭ ‬في‭ ‬هذا‭ ‬الشرف‭.‬</span></p>\r\n', '25_1.jpg', '', '', '', NULL, 2, ''),
(26, 'أحداث عالمية', '<p dir="rtl"><strong><span style="color:#B22222">600م</span></strong></p>\r\n\r\n<p dir="rtl"><span style="color:#808080">وفاة‭ ‬عنترة‭ ‬ابن‭ ‬شدّاد‭ ‬رمز‭ ‬الشجاعة‭ ‬وأحد‭ ‬أصحاب‭ ‬المعلّقات‭ ‬الشعرية</span></p>\r\n\r\n<p dir="rtl"><strong><span style="color:#B22222">600م</span></strong></p>\r\n\r\n<p dir="rtl"><span style="color:#808080">البابا‭ ‬غريغوري‭ ‬الأوّل‭ ‬<strong>Gregory</strong>‭ ‬<strong>I</strong>‭ ‬يجتهد‭ ‬في‭ ‬تحويل‭ ‬اليهود‭ ‬إلى‭ ‬المسيحية‭ ‬بالإقناع،‭ ‬ويقدّم‭ ‬كتباً‭ ‬مصوّرةً‭ ‬بدل‭ ‬الإنجيل‭ ‬من‭ ‬أجل‭ ‬من‭ ‬لا‭ ‬يقرؤون،‭ ‬ويكتب‭ ‬دليلاً‭ ‬إرشادياً‭ ‬يبيّن‭ ‬واجبات‭ ‬رجال‭ ‬الدين</span></p>\r\n\r\n<p>&nbsp;</p>\r\n', '26_1.jpg', '', '', '', NULL, 2, ''),
(27, 'ثالثاً : البشارات بقدومه صلى الله عليه وسلم ', '<p dir="rtl"><span style="color:#4B0082"><strong>جاء‭ ‬ذكره‭ ‬صلى‭ ‬الله‭ ‬عليه‭ ‬وسلم‭ ‬في‭ ‬التوراة‭ ‬والإنجيل‭ ... ‬قال‭ ‬تعالى‭ ‬في‭ ‬القرآن‭ ‬الكريم‭: {...‬</strong>النَّبِيَّ‭ ‬الْأُمِّيَّ‭ ‬الَّذِي‭ ‬يَجِدُونَهُ‭ ‬مَكْتُوبًا‭ ‬عِنْدَهُمْ‭ ‬فِي‭ ‬التَّوْرَاةِ‭ ‬وَالْإِنْجِيلِ‭ ‬يَأْمُرُهُمْ‭ ‬بِالْمَعْرُوفِ‭ ‬وَيَنْهَاهُمْ‭ ‬عَنِ‭ ‬الْمُنْكَرِ‭ ‬وَيُحِلُّ‭ ‬لَهُمُ‭ ‬الطَّيِّبَاتِ‭ ‬وَيُحَرِّمُ‭ ‬عَلَيْهِمُ‭ ‬الْخَبَائِثَ<strong>َ‭...} (‬الأعراف‭: ‬157‭)‬</strong></span></p>\r\n', '', '', '', '', NULL, 2, ''),
(28, 'محمد صلى الله عليه وسلم في التوراة', '<p dir="rtl"><span style="color:#4B0082">جاء‭ ‬في‭ ‬سفر‭ ‬الاستثناء‭ (‬التثنية‭) ‬في‭ ‬الباب‭ ‬الثالث‭ ‬والثلاثين‭: ‬جاء‭ ‬الرب‭ ‬من‭ ‬سينا‭ (‬سيناء‭) ‬وأشرق‭ ‬لنا‭ ‬من‭ ‬ساعير،‭ ‬واستعلى‭ ‬من‭ ‬جبال‭ ‬فاران،‭ ‬ومعه‭ ‬ألوف‭ ‬الأطهار‭..‬</span></p>\r\n\r\n<p dir="rtl"><span style="color:#4B0082">فمجيء‭ ‬الرب‭ (‬حسب‭ ‬التوراة‭) ‬من‭ ‬سيناء‭ ‬إشارة‭ ‬باتفاق‭ ‬العلماء‭ (‬المسلمين‭ ‬وأهل‭ ‬الكتاب‭) ‬إلى‭ ‬موسى‭ ‬عليه‭ ‬السلام‭ ‬الذي‭ ‬جاء‭ ‬إلى‭ ‬ميقات‭ ‬ربه‭. ‬وإشراقه‭ ‬من‭ ‬ساعير‭: ‬إشارة‭ ‬لولادة‭ ‬عيسى‭ ‬عند‭ ‬شروق‭ ‬الشمس‭ ‬في‭ ‬ذاك‭ ‬المكان‭ (‬ساعير‭)..‬</span></p>\r\n\r\n<p dir="rtl"><span style="color:#4B0082">واستعلاؤه‭ ‬من‭ ‬جبل‭ ‬فاران‭: ‬ومعلوم‭ ‬أن‭ ‬الإسلام‭ ‬قد‭ ‬أعلن‭ ‬على‭ ‬جبل‭ ‬النور،‭ ‬وجبال‭ ‬فاران‭ ‬هي‭ ‬جبال‭ ‬مكة‭ (‬ارجع‭ ‬إلى‭ ‬أي‭ ‬خريطة‭ ‬جيولوجية‭ ‬قديمة‭ ‬وستجد‭ ‬اسم‭ ‬فاران‭ ‬<strong>varan</strong>‭ ‬على‭ ‬منطقة‭ ‬مكة‭).‬</span></p>\r\n\r\n<p dir="rtl"><span style="color:#4B0082">‭ ‬وهذا‭ ‬من‭ ‬التوراة‭ ‬أيضاً،‭ ‬حيث‭ ‬ذكر‭ ‬في‭ ‬الباب‭ ‬الحادي‭ ‬والعشرين‭ ‬من‭ ‬سفر‭ ‬التكوين‭ ‬عن‭ ‬إسماعيل‭ ‬عليه‭ ‬السلام،‭ ‬فقال‭: ‬ونما‭ ‬وسكن‭ ‬في‭ ‬البرية‭ ‬وصار‭ ‬شاباً‭ ‬يرمي‭ ‬بالسهام،‭ ‬وسكن‭ ‬برية‭ ‬فاران‭.‬</span></p>\r\n\r\n<p dir="rtl"><span style="color:#4B0082">ومن‭ ‬المتفق‭ ‬عليه‭ ‬أيضاً‭ ‬أن‭ ‬إسماعيل‭ ‬سكن‭ ‬برية‭ ‬مكة‭ ‬وجبالها،‭ ‬إذن‭: ‬فاران‭ ‬اسم‭ ‬عبريٌّ‭ ‬لمكة‭.‬</span></p>\r\n', '28_1.jpg', '', '', '', NULL, 2, ''),
(29, 'محمد صلى الله عليه وسلم في الإنجيل', '<p dir="rtl"><span style="color:#4B0082">ورد‭ ‬في‭ ‬الباب‭ ‬الرابع‭ ‬عشر‭ ‬من‭ ‬إنجيل‭ ‬يوحنا‭ ‬يقول‭ ‬عيسى‭ (‬عليه‭ ‬السلام‭): ‬‮&laquo;‬‭ ‬إن‭ ‬كنتم‭ ‬تحبونني‭ ‬فاحفظوا‭ ‬وصاياي،‭ ‬وأنا‭ ‬أطلب‭ ‬من‭ ‬الأب‭ (‬وهو‭ ‬لفظ‭ ‬يطلقه‭ ‬النصارى‭ ‬على‭ ‬الله‭ ‬تعالى‭ ‬من‭ ‬باب‭ ‬أن‭ ‬الناس‭ ‬عيال‭ ‬الله‭ ‬أي‭ ‬يعتمدون‭ ‬عليه‭ ‬سبحانه‭) ‬فيعطيكم‭ (‬فارقليط‭) ‬آخر‭ ‬ليثبت‭ ‬معكم‭ ‬إلى‭ ‬الأبد‭ (‬والفارقليط‭) ‬روح‭ ‬القدس‭ ‬الذي‭ ‬يرسله‭ ‬الأب‭ ‬باسمي،‭ ‬هو‭ ‬يعلمكم‭ ‬كل‭ ‬شيء،‭ ‬وهو‭ ‬يذكر‭ ‬لكم‭ ‬كلّ‭ ‬ما‭ ‬قلته‭ ‬لكم،‭ ‬الآن‭ ‬قد‭ ‬قلت‭ ‬لكم‭ ‬قبل‭ ‬أن‭ ‬يكون،‭ ‬حتى‭ ‬إذا‭ ‬كان‭ ‬تؤمنون‮&raquo;‬‭.‬</span></p>\r\n\r\n<p dir="rtl"><span style="color:#4B0082">وكلمة‭ ‬‮&laquo;‬فارقليط‮&raquo;‬‭ ‬من‭ ‬الترجمة‭ ‬اليونانية‭ ‬بمعنى‭ ‬أحمد‭ ‬ومحمد‭ (‬راجع‭ ‬كتابات‭ ‬أحمد‭ ‬ديدات‭ ‬ود‭.‬جمال‭ ‬بدوي‭ ‬وغيرهما،‭ ‬وكتاب‭ ‬<strong>Muhammed</strong>‭ ‬<strong>in</strong>‭ ‬<strong>The</strong>‭ ‬<strong>Bible</strong>‭ ‬وغيره‭) ‬ونصّ‭ ‬إنجيل‭ ‬متّى‭ ‬صريح‭ ‬بذلك،‭ ‬وفيه‭ ‬توجيه‭ ‬لأهل‭ ‬الكتاب‭ ‬على‭ ‬أن‭ ‬جاء‭ ‬صلى‭ ‬الله‭ ‬عليه‭ ‬وسلم‭ ‬أن‭ ‬يؤمنوا‭ ‬به‭.‬</span></p>\r\n', '29_1.jpg', '', '', '', NULL, 2, '');
INSERT INTO `page` (`page_id`, `page_name`, `page_note`, `page_img1`, `label_img1`, `page_img2`, `label_img2`, `page_pdf`, `sub_cat`, `color`) VALUES
(30, 'اليهود يبشرون بالنبي ثم يكفرون به!! ', '<p dir="rtl"><span style="color:#4B0082">ورد‭ ‬عن‭ ‬الأنصار‭ ‬رضي‭ ‬الله‭ ‬عنهم‭ ‬قولهم‭: ‬إن‭ ‬مما‭ ‬دعانا‭ ‬إلى‭ ‬الإسلام‭ (‬مع‭ ‬رحمة‭ ‬الله‭ ‬تعالى‭ ‬وهداه‭ ‬لنا‭) ‬أنّا‭ ‬كنا‭ ‬نسمع‭ ‬من‭ ‬اليهود‭ (‬ولهم‭ ‬كتاب‭ ‬وليس‭ ‬عندنا‭)‬،‭ ‬وكنّا‭ ‬ننتصر‭ ‬عليهم‭ ‬أحياناً‭ ‬فيقولون‭ ‬لنا‭:‬</span></p>\r\n\r\n<p dir="rtl"><span style="color:#4B0082">‮&laquo;‬قد‭ ‬تقارب‭ ‬زمان‭ ‬نبيّ،‭ ‬نقتلكم‭ ‬به‭ ‬قتْلَ‭ ‬عاد‭ ‬وإرم‮&raquo;‬،‭ (‬وهما‭ ‬من‭ ‬القبائل‭ ‬العربية‭ ‬القديمة‭).‬</span></p>\r\n\r\n<p dir="rtl"><span style="color:#4B0082">وكثيراً‭ ‬كنا‭ ‬نسمع‭ ‬منهم‭ ‬ذلك،‭ ‬فلمّا‭ ‬بُعث‭ ‬رسول‭ ‬الله‭ ‬آمنّا‭ ‬به،‭ ‬وكفروا‭ ‬هم‭ ‬به،‭ ‬وفينا‭ ‬وفيهم‭ ‬نزلت‭ ‬هذه‭ ‬الآية‭: (‬وَلَمَّا‭ ‬جَاءَهُمْ‭&nbsp; (‬أي‭ ‬اليهود‭) ‬كِتَابٌ‭ ‬مِنْ‭ ‬عِنْدِ‭ ‬اللَّهِ‭ ‬مُصَدِّقٌ‭ ‬لِمَا‭ ‬مَعَهُمْ‭ (‬من‭ ‬التوراة‭ ‬بقدوم‭ ‬محمد‭ ‬صلى‭ ‬الله‭ ‬عليه‭ ‬وسلم‭)&nbsp; ‬وَكَانُوا‭ ‬مِنْ‭ ‬قَبْلُ‭ ‬يَسْتَفْتِحُونَ‭ (‬أي‭ ‬يهددون‭ ‬بالفتح‭)&nbsp; ‬عَلَى‭ ‬الَّذِينَ‭ ‬كَفَرُوا‭ ‬فَلَمَّا‭ ‬جَاءَهُمْ‭ ‬مَا‭ ‬عَرَفُوا‭ (‬من‭ ‬علامات‭ ‬واضحة‭ ‬بنبوته‭) ‬كَفَرُوا‭ ‬بِهِ‭ ‬فَلَعْنَةُ‭ ‬اللَّهِ‭ ‬عَلَى‭ ‬الْكَافِرِينَ‭) (‬البقرة‭:‬89‭).‬</span></p>\r\n\r\n<p dir="rtl"><span style="color:#4B0082">فكل‭ ‬هذه‭ ‬بشائر‭ ‬بقدوم‭ ‬النبي‭ ‬الخاتم‭ ‬والرسول‭ ‬الأخير‭ ‬إلى‭ ‬البشرية‭.‬</span></p>\r\n', '', '', '', '', NULL, 2, ''),
(31, 'ولادة فاطمة رضي الله عنها ابنة الرسول صلى الله عليه وسلّم (توفيت عام 632 ) 604م', NULL, '', '', '', '', NULL, 2, ''),
(32, 'بيت النبي [ في مكة', NULL, '32_1.jpg', '', '', '', NULL, 2, ''),
(33, 'أحداث عالمية', '<p dir="rtl"><span style="color:#B22222"><strong>600م</strong></span></p>\r\n\r\n<p dir="rtl"><span style="color:#808080">ظهور‭ ‬التصوير‭ ‬الكلاسيكي‭ ‬لبوذا‭&nbsp; (‬في‭ ‬هيئة‭ ‬ممارسة‭ ‬اليوغا‭) ‬في‭ ‬بيهار،‭ ‬شمال‭ ‬الهند</span></p>\r\n\r\n<p dir="rtl">&nbsp;</p>\r\n\r\n<p>&nbsp;</p>\r\n\r\n<p dir="rtl"><span style="color:#B22222"><strong>600م</strong></span></p>\r\n\r\n<p dir="rtl"><span style="color:#808080">ظهور‭ ‬مجموعة‭ ‬الترانيم‭ ‬الكنسية‭ ‬‮&laquo;‬<strong>Antiphonar&rdquo;</strong>‭ ‬التي‭ ‬أعدّها‭ ‬البابا‭ ‬غريغوري‭ ‬الأوّل‭ ‬<strong>Gregory</strong>‭ ‬<strong>I</strong></span></p>\r\n\r\n<p>&nbsp;</p>\r\n\r\n<p dir="rtl"><strong><span style="color:#B22222">604م</span></strong></p>\r\n\r\n<p dir="rtl"><span style="color:#808080">أوّل‭ ‬جرس‭ ‬كنيسة‭ ‬في‭ ‬روما</span></p>\r\n\r\n<p dir="rtl">&nbsp;</p>\r\n\r\n<p dir="rtl"><strong><span style="color:#B22222">606م</span></strong></p>\r\n\r\n<p dir="rtl"><span style="color:#808080">كان‭ ‬اجتياز‭ ‬امتحاناتٍ‭ ‬معينة‭ ‬مفروضاً‭ ‬على‭ ‬المتقدّمين‭ ‬للوظائف‭ ‬العامة‭ ‬في‭ ‬الصين</span></p>\r\n\r\n<p dir="rtl">&nbsp;</p>\r\n\r\n<p>&nbsp;</p>\r\n\r\n<p dir="rtl"><span style="color:#B22222"><strong>602م</strong></span></p>\r\n\r\n<p dir="rtl"><span style="color:#808080">سلسلة‭ ‬من‭ ‬الحروب‭ ‬تنشب‭ ‬بين‭ ‬إمبراطورية‭ ‬بيزنطة‭ ‬النصرانية‭ ‬والإمبراطورية‭ ‬الساسانية‭ ‬الفارسية‭ ‬المجوسية</span></p>\r\n\r\n<p>&nbsp;</p>\r\n', '33_1.jpg', '', '', '', NULL, 2, ''),
(34, 'العَالَمْ المعروف عند البعثة النبوية', NULL, '34_1.jpg', '', '', '', NULL, 2, ''),
(35, 'رابعاً : بدء الوحي', '<p dir="rtl"><strong><span style="color:#4B0082">حاجة‭ ‬الناس‭ ‬إلى‭ ‬الرسل&nbsp;610م</span></strong></p>\r\n\r\n<p dir="rtl"><span style="color:#4B0082">يقول‭ ‬الأديب‭ ‬المبدع‭ ‬مصطفى‭ ‬صادق‭ ‬الرافعي‭:&nbsp; (‬لو‭ ‬أقام‭ ‬الناس‭ ‬عشر‭ ‬سنين‭ ‬يتناظرون‭ ‬في‭ ‬معاني‭ ‬الفضائل‭ ‬ووسائلها‭, ‬ووضعوا‭ ‬في‭ ‬ذلك‭ ‬مئة‭ ‬كتاب‭, ‬ثم‭ ‬رأوا‭ ‬رجلاً‭ ‬فاضلاً‭ ‬بأصدق‭ ‬معاني‭ ‬الفضيلة‭, ‬وخالطوه‭ ‬وصحبوه‭, ‬لكان‭ ‬الرجل‭ ‬وحده‭ ‬أكبر‭ ‬فائدة‭ ‬من‭ ‬تلك‭ ‬المناظرة‭, ‬وأجدى‭ ‬على‭ ‬الناس‭ ‬منها‭, ‬وأدل‭ ‬على‭ ‬الفضيلة‭ ‬من‭ ‬مئة‭ ‬كتاب‭, ‬ومن‭ ‬ألف‭ ‬كتاب‭.‬</span></p>\r\n\r\n<p dir="rtl"><span style="color:#4B0082">ولهذا‭ ‬أرسل‭ ‬الله‭ ‬النبي‭ ‬مع‭ ‬كل‭ ‬كتاب‭ ‬منزل‭, ‬ليعطي‭ ‬الكلمة‭ ‬قوة‭ ‬وجودها‭, ‬ويخرج‭ ‬الحالة‭ ‬النفسية‭ ‬من‭ ‬المعنى‭ ‬المعقول‭, ‬وينشئ‭ ‬الفضائل‭ ‬الإنسانية‭ ‬على‭ ‬طريقة‭ ‬النسل‭ ‬من‭ ‬إنسانها‭ ‬الكبير‭ ).‬</span></p>\r\n\r\n<p>&nbsp;</p>\r\n\r\n<p dir="rtl"><span style="color:#4B0082"><strong>ما‭ ‬قبل‭ ‬الوحي</strong></span></p>\r\n\r\n<p dir="rtl"><span style="color:#4B0082">أول‭ ‬ما‭ ‬بدئ‭ ‬به‭ ‬رسول‭ ‬الله‭ ‬صلى‭ ‬الله‭ ‬عليه‭ ‬وسلم‭ ‬الرؤيا‭ ‬الصالحة‭ ‬في‭ ‬النوم،‭ ‬فكان‭ ‬لا‭ ‬يرى‭ ‬رؤيا‭ ‬إلا‭ ‬تحققت‭ ‬في‭ ‬اليوم‭ ‬التالي‭.‬</span></p>\r\n\r\n<p>&nbsp;</p>\r\n\r\n<p dir="rtl"><span style="color:#4B0082"><strong>التفرد‭ ‬والخلوة</strong></span></p>\r\n\r\n<p dir="rtl"><span style="color:#4B0082">كان‭ ‬عليه‭ ‬الصلاة‭ ‬والسلام‭ ‬يخرج‭ ‬من‭ ‬مكة‭ ‬ويدخل‭ ‬إلى‭ ‬شعابها‭ ‬وبطون‭ ‬أوديتها،‭ ‬يخلو‭ ‬إلى‭ ‬نفسه‭ ‬يتفكر‭ ‬ويتأمل،‭ ‬ويتوجه‭ ‬بقلبه‭ ‬وجوارحه‭ ‬إلى‭ ‬الله‭ ‬خالق‭ ‬السموات‭ ‬والأرض‭.‬</span></p>\r\n\r\n<p dir="rtl"><span style="color:#4B0082">وكان‭ ‬يخرج‭ ‬بعيداً‭ ‬عن‭ ‬الناس‭ ‬في‭ ‬مكة،‭ ‬بعيداً‭ ‬عن‭ ‬ضلالهم‭ ‬وإغراقهم‭ ‬في‭ ‬الجاهلية‭ ‬وما‭ ‬هم‭ ‬عليه‭ ‬من‭ ‬الغفلة‭ ‬والفساد،‭ ‬وما‭ ‬هم‭ ‬عليه‭ ‬من‭ ‬أحوال‭ ‬الظلم‭ ‬والبطش،‭ ‬والتكاثر‭ ‬من‭ ‬جمع‭ ‬الأموال،‭ ‬والتمتع‭ ‬بملذات‭ ‬الحياة‭.‬</span></p>\r\n\r\n<p dir="rtl"><span style="color:#4B0082">وكان‭ ‬يخلو‭ ‬بنفسه‭ ‬ويتعبد‭ ‬على‭ ‬دين‭ ‬إبراهيم‭ ‬عليه‭ ‬السلام‭ ‬في‭ ‬غار‭ ‬حراء‭ ‬في‭ ‬أعلى‭ ‬جبل‭ ‬النور،‭ ‬وبدأ‭ ‬خلوته‭ ‬قبل‭ ‬البعثة‭ ‬بثلاث‭ ‬سنوات‭.‬</span></p>\r\n\r\n<p>&nbsp;</p>\r\n\r\n<p dir="rtl">&nbsp;</p>\r\n\r\n<p>&nbsp;</p>\r\n', '35_1.jpg', '', '', '', NULL, 3, ''),
(36, 'مرحلة التكليف 6١١م', '<p dir="rtl"><span style="color:#4B0082">استكمل‭ ‬محمد‭ ‬صلى‭ ‬الله‭ ‬عليه‭ ‬وسلم‭ ‬أربعين‭ ‬عاماً‭ ‬وكانت‭ ‬هذه‭ ‬المدة‭ ‬كافية‭ ‬لاكتمال‭ ‬الرشد‭ ‬وصنع‭ ‬الإنسان‭ ‬النموذجي،‭ ‬وتأهيله‭ ‬لحمل‭ ‬آخر‭ ‬الرسالات‭ {‬‭..‬حَتَّىٰ‭ ‬إِذَا‭ ‬بَلَغَ‭ ‬أَشُدَّهُ‭ ‬وَبَلَغَ‭ ‬أَرْبَعِينَ‭ ‬سَنَةً..‭} (‬‮١٥‬‭ ‬الأحقاف‭).‬</span></p>\r\n\r\n<p dir="rtl">&nbsp;</p>\r\n\r\n<p dir="rtl">&nbsp;</p>\r\n', '36_1.jpg', '', '', '', NULL, 3, ''),
(37, 'جبريل عليه السلام يملأ السماء', '<p dir="rtl"><span style="color:#8B4513">نزل‭ ‬الرسول‭ ‬صلى‭ ‬الله‭ ‬عليه‭ ‬وسلم‭ ‬متوجهاً‭ ‬إلى‭ ‬بيت‭ ‬خديجة‭ ‬رضي‭ ‬الله‭ ‬عنها‭ ‬وقد‭ ‬أصابه‭ ‬الرعب‭ ‬لما‭ ‬رأى‭ ‬وسمع،‭ ‬يخفق‭ ‬قلبه‭ ‬فزعاً‭ ‬مما‭ ‬حدث‭ ‬له،‭ ‬وفي‭ ‬طريقه‭ ‬إلى‭ ‬مكة‭ ‬رأى‭ ‬جبريل‭ ‬على‭ ‬صورته‭ ‬الحقيقية‭ ‬كملاك‭ ‬له‭ ‬ستمائة‭ ‬جناح،‭ ‬يملأ‭ ‬ما‭ ‬بين‭ ‬المشرق‭ ‬والمغرب‭ ‬من‭ ‬السماء‭ ‬وهو‭ ‬على‭ ‬عرش‭ ‬عظيم‭ ‬في‭ ‬الهواء،‭ ‬وناداه‭ ‬جبريل‭: ‬يا‭ ‬محمد‭ ‬أنت‭ ‬رسول‭ ‬الله‭ ‬وأنا‭ ‬جبريل‭ (‬ثلاث‭ ‬مرات‭). ‬فزاد‭ ‬رعبه‭ ‬إلى‭ ‬أن‭ ‬وصل‭ ‬وهو‭ ‬يرجف‭ ‬إلى‭ ‬خديجة‭.‬</span></p>\r\n\r\n<p dir="rtl">&nbsp;</p>\r\n\r\n<p dir="rtl"><span style="color:#8B4513"><strong>نبوة محمد صلى الله عليه وسلم</strong></span></p>\r\n\r\n<p dir="rtl"><span style="color:#8B4513">وفي‭ ‬يوم‭ ‬الاثنين‭ ‬في‭ ‬ليلة‭ ‬فردية‭ ‬من‭ ‬العشر‭ ‬الأواخر‭ ‬من‭ ‬شهر‭ ‬رمضان‭ ‬وبينما‭ ‬هو‭ ‬يتعبد‭ ‬في‭ ‬غار‭ ‬حراء‭ ‬جاءه‭ ‬الملك‭ ‬جبريل‭ ‬عليه‭ ‬السلام‭ ‬متمثلاً‭ ‬بصورة‭ ‬بشر،‭ ‬ومعه‭ ‬وسادة‭ ‬عليها‭ ‬كتاب‭ ‬فقدمه‭ ‬إليه‭ ‬وقال‭: ‬اقرأ‭.‬</span></p>\r\n\r\n<p dir="rtl"><span style="color:#8B4513">قال‭: ‬ما‭ ‬أنا‭ ‬بقارئ‭. (‬أي‭ ‬لا‭ ‬أعرف‭ ‬القراءة‭)‬</span></p>\r\n\r\n<p dir="rtl"><span style="color:#8B4513">وتكرر‭ ‬ذلك‭ ‬ثلاث‭ ‬مرات‭.‬</span></p>\r\n\r\n<p dir="rtl"><span style="color:#8B4513">حتى‭ ‬قال‭ ‬صلى‭ ‬الله‭ ‬عليه‭ ‬وسلم‭: ‬ماذا‭ ‬أقرأ؟</span></p>\r\n\r\n<p dir="rtl"><span style="color:#8B4513">فبدأ‭ ‬الوحي‭ ‬بالقرآن‭ ‬الكريم‭ ‬بهذا‭ ‬المقطع‭ ‬من‭ ‬سورة‭ (‬العلق‭): {‬اقْرَأْ‭ ‬بِاسْمِ‭ ‬رَبِّكَ‭ ‬الَّذِي‭ ‬خَلَقَ‭ ‬﴿‮١‬﴾‭ ‬خَلَقَ‭ ‬الْإِنْسَانَ‭ ‬مِنْ‭ ‬عَلَقٍ‭ ‬﴿‮٢‬﴾‭ ‬اقْرَأْ‭ ‬وَرَبُّكَ‭ ‬الْأَكْرَمُ‭ ‬﴿‮٣‬﴾‭ ‬الَّذِي‭ ‬عَلَّمَ‭ ‬بِالْقَلَمِ‭ ‬﴿‮٤‬﴾‭ ‬عَلَّمَ‭ ‬الْإِنْسَانَ‭ ‬مَا‭ ‬لَمْ‭ ‬يَعْلَمْ‭ ‬﴿‮٥‬﴾‭}‬‭ (‬العلق‭ ‬1‭-‬5‭).‬</span></p>\r\n\r\n<p dir="rtl"><span style="color:#8B4513">‭( ‬فبدأ‭ ‬القرآن‭ ‬بالحث‭ ‬على‭ ‬القراءة‭ ‬والعلم‭ ‬المؤدي‭ ‬لتوحيد‭ ‬الخالق‭ ‬العظيم‭ ‬الذي‭ ‬أوجد‭ ‬الخلق‭ ‬بإعجاز‭ ‬عجيب،‭ ‬والذي‭ ‬علم‭ ‬الإنسان‭ ‬الكتابة‭ ‬والقراءة‭ ‬وهي‭ ‬من‭ ‬أعظم‭ ‬النعم‭ ‬على‭ ‬البشرية‭ ‬وعلم‭ ‬الإنسان‭ ‬ما‭ ‬لم‭ ‬يعلم،‭ ‬فالقراءة‭ ‬والعلم‭ ‬هما‭ ‬من‭ ‬أول‭ ‬الأوامر‭ ‬لإنشاء‭ ‬حضارة‭ ‬تغير‭ ‬الإنسانية‭ ‬والبشرية‭ ‬كلها‭ ).‬</span></p>\r\n\r\n<p dir="rtl">&nbsp;</p>\r\n', '37_1.jpg', '', '', '', NULL, 3, ''),
(38, 'مع خديجة رضي الله عنها', '<p dir="rtl"><span style="color:#4B0082">كان‭ ‬قلب‭ ‬خديجة‭ ‬قد‭ ‬حدثها‭ ‬بأمر‭ ‬قد‭ ‬حدث‭ ‬لزوجها‭ ‬الحبيب،‭ ‬فأرسلت‭ ‬من‭ ‬يبحث‭ ‬عنه،‭ ‬وإذا‭ ‬هو‭ ‬يصل‭ ‬إليها‭ ‬وهو‭ ‬في‭ ‬شدة‭ ‬الرعب،‭ ‬فقال‭ ‬لها‭: ‬زمّلوني،‭ ‬زمّلوني‭ (‬غطوني‭).‬</span></p>\r\n\r\n<p dir="rtl"><span style="color:#4B0082">فلفّته‭ ‬حتى‭ ‬هدأت‭ ‬نفسه،‭ ‬وذهب‭ ‬عنه‭ ‬الخوف،‭ ‬ثم‭ ‬أخبرها‭ ‬الخبر‭ ‬وهو‭ ‬خائف‭ ‬أن‭ ‬يكون‭ ‬ما‭ ‬أصابه‭ ‬من‭ ‬فعل‭ ‬الجن‭ ‬أو‭ ‬الشياطين‭.‬</span></p>\r\n\r\n<p dir="rtl"><span style="color:#4B0082">‭ ‬فقالت‭ (‬وبكل‭ ‬ثقة‭ ‬ملخصة‭ ‬لأخلاقه‭ ‬الكريمة‭): ‬كلا‭ ‬والله،‭ ‬لا‭ ‬يخزيك‭ ‬الله‭ ‬أبداً،‭ ‬إنك‭ ‬لتصل‭ ‬الرحم،‭ ‬وتحمل‭ ‬الكلّ‭ (‬أي‭ ‬الضعيف‭)‬،‭ ‬وتكسب‭ ‬المعدوم‭ (‬الذي‭ ‬لا‭ ‬مال‭ ‬له‭)‬،‭ ‬وتقري‭ ‬الضيف‭ (‬أي‭ ‬تكرمه‭)‬،‭ ‬وتُعين‭ ‬على‭ ‬نوائب‭ ‬الحق،‭ ‬وتصدق‭ ‬الحديث‭.‬</span></p>\r\n\r\n<p dir="rtl">&nbsp;</p>\r\n\r\n<p dir="rtl"><span style="color:#4B0082"><strong>مع‭ ‬ورقة‭ ‬بن‭ ‬نوفل</strong></span></p>\r\n\r\n<p dir="rtl"><span style="color:#4B0082">وانطلقت‭ ‬به‭ ‬خديجة‭ ‬رضي‭ ‬الله‭ ‬عنها‭ ‬حتى‭ ‬أتت‭ ‬به‭ ‬ورقة‭ ‬بن‭ ‬نوفل‭ (‬ابن‭ ‬عمها‭) ‬وكان‭ ‬امرءاً‭ ‬قد‭ ‬تنصر‭ ‬على‭ ‬دين‭ ‬عيسى‭ ‬عليه‭ ‬السلام‭ (‬دون‭ ‬تثليث‭)‬،‭ ‬فقالتْ‭ ‬له‭: ‬اسمع‭ ‬من‭ ‬ابن‭ ‬أخيك‭.‬</span></p>\r\n\r\n<p dir="rtl"><span style="color:#4B0082">فقال‭ ‬للرسول‭: ‬ماذا‭ ‬ترى؟</span></p>\r\n\r\n<p dir="rtl"><span style="color:#4B0082">فأخبره‭ ‬الرسول‭ ‬صلى‭ ‬الله‭ ‬عليه‭ ‬وسلم‭ ‬الخبر‭..‬</span></p>\r\n\r\n<p dir="rtl"><span style="color:#4B0082">فقال‭: ‬هذا‭ ‬الناموس‭ (‬صاحب‭ ‬السر‭ ‬أي‭ ‬جبريل‭) ‬الذي‭ ‬نزل‭ ‬إلى‭ ‬موسى‭.‬</span></p>\r\n\r\n<p dir="rtl"><span style="color:#4B0082">ثم‭ ‬قال‭ ‬ورقة‭ (‬وقد‭ ‬بيّن‭ ‬ما‭ ‬سيلاقيه‭ ‬رسول‭ ‬الله‭ ‬صلى‭ ‬الله‭ ‬عليه‭ ‬وسلم‭ ‬من‭ ‬أذى‭ ‬حين‭ ‬يدعو‭ ‬قومه‭): ‬يا‭ ‬ليتني‭ ‬كنت‭ ‬فيها‭ ‬جذعاً‭ (‬قوياً‭ ‬شاباً‭) ‬إذ‭ ‬يخرجك‭ ‬قومك‭!‬</span></p>\r\n\r\n<p dir="rtl"><span style="color:#4B0082">فقال‭ ‬عليه‭ ‬الصلاة‭ ‬والسلام‭: ‬أو‭ ‬مخرجيّ‭ ‬هم؟‭ (‬أي‭ ‬لماذا‭ ‬يطردني‭ ‬قومي؟‭)‬</span></p>\r\n\r\n<p dir="rtl"><span style="color:#4B0082">فقال‭: ‬نعم‭. ‬ما‭ ‬جاء‭ ‬أحد‭ ‬بمثل‭ ‬ما‭ ‬جئت‭ ‬به‭ ‬إلا‭ ‬أوذي‭.‬</span></p>\r\n\r\n<p dir="rtl"><span style="color:#4B0082">وذلك‭ ‬مما‭ ‬علم‭ ‬ورقة‭ ‬أثناء‭ ‬قراءاته‭ ‬واطلاعاته‭ ‬على‭ ‬قصص‭ ‬الأنبياء‭ ‬السابقين،‭ ‬ولما‭ ‬رأى‭ ‬عليه‭ ‬قومه‭ ‬من‭ ‬الضياع‭ ‬والتعلق‭ ‬بالأوثان‭.‬</span></p>\r\n\r\n<p dir="rtl"><span style="color:#4B0082">ومات‭ ‬ورقة‭ ‬بعد‭ ‬ذلك‭ ‬بقليل،‭ ‬وأخبرنا‭ ‬رسول‭ ‬الله‭ ‬صلى‭ ‬الله‭ ‬عليه‭ ‬وسلم‭ ‬أن‭ ‬ورقة‭ ‬رضي‭ ‬الله‭ ‬عنه‭ ‬من‭ ‬أهل‭ ‬الجنة‭ ‬بسبب‭ ‬نيته‭ ‬الإيمان‭ ‬بالرسول‭ ‬صلى‭ ‬الله‭ ‬عليه‭ ‬وسلم‭.‬</span></p>\r\n\r\n<p dir="rtl">&nbsp;</p>\r\n\r\n<p dir="rtl">&nbsp;</p>\r\n\r\n<p dir="rtl"><strong><span style="color:#8B4513">الركن‭ ‬الأول‭ ‬للإسلام</span></strong></p>\r\n\r\n<p dir="rtl"><span style="color:#8B4513">وهكذا‭ ‬بدأ‭ ‬الركن‭ ‬الأول‭ ‬للإسلام،‭ ‬شهادة‭ ‬أن‭ ‬لا‭ ‬إله‭ ‬إلا‭ ‬الله‭ ‬وأن‭ ‬محمداً‭ ‬رسول‭ ‬الله‭. ‬ثم‭ ‬فرضت‭ ‬الصلاة‭ ‬مع‭ ‬بدء‭ ‬الدعوة،‭ ‬وكانت‭ ‬ركعتين‭ ‬قبل‭ ‬طلوع‭ ‬الشمس‭ ‬وركعتين‭ ‬قبل‭ ‬غروبها‭ (‬وذلك‭ ‬قبل‭ ‬أن‭ ‬تفرض‭ ‬الصلوات‭ ‬الخمس‭ ‬في‭ ‬قصة‭ ‬الإسراء‭ ‬والمعراج‭ ‬الشهيرة‭).‬</span></p>\r\n\r\n<p dir="rtl">&nbsp;</p>\r\n\r\n<p>&nbsp;</p>\r\n\r\n<p dir="rtl"><strong><span style="color:#8B4513">وعاد‭ ‬التوحيد</span></strong></p>\r\n\r\n<p dir="rtl"><span style="color:#8B4513">كلمة‭ ‬التشهد‭: ‬أشهد‭ ‬أن‭ ‬لا‭ ‬إله‭ ‬إلا‭ ‬الله،‭ ‬وأشهد‭ ‬أن‭ ‬محمداً‭ ‬رسول‭ ‬الله،‭ ‬تتضمن‭ ‬معرفة‭ ‬الله‭ ‬سبحانه‭ ‬وتعالى‭ ‬بالربوبية‭ ‬والإقرار‭ ‬له‭ ‬سبحانه‭ ‬بالوحدانية،‭ ‬ونفي‭ ‬الأنداد‭ (‬الشركاء‭) ‬عنه‭ ‬جملة‭ ‬وذلك‭ ‬بجعل‭ ‬لا‭ ‬إله‭ ‬الله‭ ‬منهج‭ ‬حياة،‭ ‬فلا‭ ‬يتصور‭ ‬المسلم‭ ‬إلا‭ ‬ما‭ ‬يريده‭ ‬الله‭ ‬في‭ ‬فكره،‭ ‬ويقوم‭ ‬بالشعائر‭ ‬التعبدية‭ ‬مخلصاً‭ ‬له،‭ ‬فلا‭ ‬يذل‭ ‬لأحد‭ ‬غيره،‭ ‬ولايعطي‭ ‬الولاء‭ ‬الكامل‭ ‬لسواه،‭ ‬ولايدين‭ ‬بغير‭ ‬مايأمره‭ ‬وينهاه‭.‬</span></p>\r\n\r\n<p dir="rtl"><span style="color:#8B4513">وأن‭ ‬محمداً‭ ‬رسول‭ ‬الله‭ ‬خاتم‭ ‬النبيين‭ ‬جاء‭ ‬ليعلّمنا‭ ‬ما‭ ‬يريده‭ ‬الله‭ ‬تعالى‭ ‬منا،‭ ‬فكان‭ ‬خير‭ ‬رسول‭ ‬بخير‭ ‬رسالة،‭ ‬وكان‭ ‬تطبيقه‭ ‬لها‭ ‬قدوةً‭ ‬ومثالاً‭ ‬عملياً‭ ‬للبشرية‭ ‬كيف‭ ‬يحيون‭ ‬بمنهج‭ ‬الله‭ ‬عز‭ ‬وجل‭.‬</span></p>\r\n\r\n<p dir="rtl">&nbsp;</p>\r\n\r\n<p dir="rtl"><strong>أحداث‭ ‬عالمية</strong></p>\r\n\r\n<p dir="rtl"><span style="color:#B22222">610م</span></p>\r\n\r\n<p dir="rtl"><span style="color:#808080">هرقل‭ ‬ينقلب‭ ‬على‭ ‬الإمبراطور‭ ‬الروماني‭ ‬الشرقي‭ ‬ويجلس‭ ‬على‭ ‬العرش‭ ‬مكانه‭. ‬يغيّر‭ ‬اللغة‭ ‬الرسمية‭ ‬للإمبراطورية‭ ‬الرومانية‭ ‬الشرقية‭ ‬من‭ ‬اللاتينية‭ ‬إلى‭ ‬الإغريقية‭.</span>‬</p>\r\n', '38_1.jpg', '', '', '', NULL, 3, ''),
(41, 'assaasd', '<p>sadsasaasd</p>\r\n', '', 'asdsdaas', '', 'sdasaddsa', NULL, 1, NULL),
(42, 'assaasd', '<p>sadsasaasd</p>\r\n', '', 'asdsdaas', '', 'sdasaddsa', NULL, 1, NULL),
(43, '111', '<p>1111</p>\r\n', '', '111', '', '222222', NULL, 1, '23112'),
(44, '111', '<p>1111</p>\r\n', '', '111', '', '222222', NULL, 1, '23112'),
(45, 'adsdasdasxxxxxx', '<p>aasdsdaxxx</p>\r\n', '', 'xxxxx', '', 'xxxx', NULL, 1, '#FFF'),
(46, 'xxxxx ahdas', '<p>xaxaxaa</p>\r\n', '', NULL, '', NULL, NULL, 1, NULL),
(47, 'xxxxx ahdas', '<p>xaxaxaa</p>\r\n', '', NULL, '', NULL, NULL, 1, NULL),
(48, 'xxxxx ahdas', '<p>xaxaxaa</p>\r\n', '', NULL, '', NULL, NULL, 1, NULL),
(49, 'xxxxx ahdas', '<p>xaxaxaa</p>\r\n', '', NULL, '', NULL, NULL, 1, NULL),
(50, 'csacsasac', '<p>sacsacscacsa</p>\r\n', '', 'asccacsa', '', 'csasca', NULL, 13, 'csasa');

-- --------------------------------------------------------

--
-- Table structure for table `pagexahdas`
--

CREATE TABLE IF NOT EXISTS `pagexahdas` (
  `page_id` int(11) NOT NULL,
  `ahdas_id` int(11) NOT NULL
) ENGINE=InnoDB DEFAULT CHARSET=utf8;

--
-- Dumping data for table `pagexahdas`
--

INSERT INTO `pagexahdas` (`page_id`, `ahdas_id`) VALUES
(47, 1),
(47, 3),
(47, 4),
(47, 6),
(48, 1),
(48, 3),
(48, 4),
(48, 6),
(49, 1),
(49, 3),
(49, 4),
(49, 6),
(1, 1),
(1, 5);

-- --------------------------------------------------------

--
-- Table structure for table `subcat`
--

CREATE TABLE IF NOT EXISTS `subcat` (
`s_id` int(11) NOT NULL,
  `s_name` varchar(255) NOT NULL,
  `category_id` int(11) NOT NULL
) ENGINE=InnoDB AUTO_INCREMENT=15 DEFAULT CHARSET=utf8;

--
-- Dumping data for table `subcat`
--

INSERT INTO `subcat` (`s_id`, `s_name`, `category_id`) VALUES
(1, 'أولاً : الولادة والأسرة العريق ة', 1),
(2, 'ثانياً : النشأة والأخلاق', 1),
(3, 'ثالثاً : بدء الوحي', 1),
(4, 'أولاً : مراحل الدعو ة', 2),
(5, 'ثانياً : الاضطهاد والتعذيب', 2),
(6, 'ثالثاً : الهجرة إلى الحبشة', 2),
(7, 'رابعاً : الحصار الشامل', 2),
(8, 'خامساً : عام الحزن والسفر إلى الطائف', 2),
(9, 'سادساً : الإسراء والمعراج', 2),
(10, 'أولاً : الهجرة إلى المدين ة', 3),
(11, 'ثانياً : بناء الدولة', 3),
(12, 'ثالثاً : فرض الجهاد وتوالي التشريعات )بدر- أحد وباقي الغزوات(', 3),
(13, 'أولاً : صفاته الجسدية', 4),
(14, 'ثانياً : أخلاقه وشمائله', 4);

-- --------------------------------------------------------

--
-- Table structure for table `users`
--

CREATE TABLE IF NOT EXISTS `users` (
`user_id` int(11) NOT NULL,
  `user_name` varchar(255) NOT NULL,
  `user_username` varchar(255) NOT NULL,
  `user_password` varchar(255) NOT NULL,
  `user_level` varchar(255) NOT NULL
) ENGINE=InnoDB AUTO_INCREMENT=8 DEFAULT CHARSET=latin1;

--
-- Dumping data for table `users`
--

INSERT INTO `users` (`user_id`, `user_name`, `user_username`, `user_password`, `user_level`) VALUES
(7, 'xxx', 'admin', 'admin', 'admin');

--
-- Indexes for dumped tables
--

--
-- Indexes for table `ahdas`
--
ALTER TABLE `ahdas`
 ADD KEY `id` (`id`);

--
-- Indexes for table `category`
--
ALTER TABLE `category`
 ADD PRIMARY KEY (`id`);

--
-- Indexes for table `info`
--
ALTER TABLE `info`
 ADD PRIMARY KEY (`ID`);

--
-- Indexes for table `page`
--
ALTER TABLE `page`
 ADD PRIMARY KEY (`page_id`), ADD KEY `sub_cat` (`sub_cat`);

--
-- Indexes for table `subcat`
--
ALTER TABLE `subcat`
 ADD PRIMARY KEY (`s_id`), ADD KEY `category_id` (`category_id`);

--
-- Indexes for table `users`
--
ALTER TABLE `users`
 ADD PRIMARY KEY (`user_id`), ADD UNIQUE KEY `id` (`user_id`), ADD UNIQUE KEY `username` (`user_username`);

--
-- AUTO_INCREMENT for dumped tables
--

--
-- AUTO_INCREMENT for table `ahdas`
--
ALTER TABLE `ahdas`
MODIFY `id` int(11) NOT NULL AUTO_INCREMENT,AUTO_INCREMENT=7;
--
-- AUTO_INCREMENT for table `category`
--
ALTER TABLE `category`
MODIFY `id` int(11) NOT NULL AUTO_INCREMENT,AUTO_INCREMENT=5;
--
-- AUTO_INCREMENT for table `info`
--
ALTER TABLE `info`
MODIFY `ID` int(11) NOT NULL AUTO_INCREMENT,AUTO_INCREMENT=2;
--
-- AUTO_INCREMENT for table `page`
--
ALTER TABLE `page`
MODIFY `page_id` int(11) NOT NULL AUTO_INCREMENT,AUTO_INCREMENT=51;
--
-- AUTO_INCREMENT for table `subcat`
--
ALTER TABLE `subcat`
MODIFY `s_id` int(11) NOT NULL AUTO_INCREMENT,AUTO_INCREMENT=15;
--
-- AUTO_INCREMENT for table `users`
--
ALTER TABLE `users`
MODIFY `user_id` int(11) NOT NULL AUTO_INCREMENT,AUTO_INCREMENT=8;
/*!40101 SET CHARACTER_SET_CLIENT=@OLD_CHARACTER_SET_CLIENT */;
/*!40101 SET CHARACTER_SET_RESULTS=@OLD_CHARACTER_SET_RESULTS */;
/*!40101 SET COLLATION_CONNECTION=@OLD_COLLATION_CONNECTION */;
